"","companyname","Freq"
"1","adecco",2172
"2","randstad",1432
"3","dk_global_recruitment",1169
"4","gazelle_global_consulting",799
"5","_craig_johnson request_technology_",658
"6","gi_group",605
"7","_kyle_honn request_technology_",599
"8","manpowergroup_romania",579
"9","manpower",547
"10","_robyn_honquest request_technology_",512
"11","human_direct",506
"12","tiptopjobcom",474
"13","francexpatjobscom",469
"14","request_technology",441
"15","talenter",429
"16","gi_group_romania",411
"17","franco_jobs",402
"18","adecco_romania",388
"19","_anthony_honquest request_technology_",339
"20","offerta_di_lavoro_da_wizbii",326
"21","page_personnel",299
"22","randstad_romania",287
"23","brainspotting",287
"24","spectrum_it_recruitment_(south)_ltd",271
"25","experis_it",262
"26","hays_specialist_recruitment",246
"27","whitehall_resources_ltd",244
"28","hunt_recruitment",230
"29","spainxpatjobscom",230
"30","jobleads_gmbh",229
"31","randstad_romania_srl",226
"32","opus_recruitment_solutions_ltd",218
"33","manning_global",217
"34","teambradley",213
"35","manpower_romania_srl",208
"36","hccm_consulting",206
"37","source_technology",205
"38","trustaff",202
"39","infomunca",199
"40","talent_search_people",198
"41","experis_ag",197
"42","arc_it_recruitment",196
"43","tecno_empleo",174
"44","empiric_solutions",172
"45","bia_human_resource_management_services",157
"46","vivid_resourcing_ltd",155
"47","lynx_recruitment_ltd",153
"48","humangest_group",152
"49","sanderson_recruitment_plc",149
"50","oc_prod_hr_consulting",147
"51","jobs_from_top_companies_in_romania",146
"52","iman",144
"53","hays",140
"54","_executive_recruitment antal_international_",140
"55","adecco_portugal",138
"56","x4_group",136
"57","hr_gold",134
"58","simplyhired",132
"59","belgiumexpatjobseu",129
"60","darwin_recruitment",127
"61","s_recruiters_inc tri",126
"62","nonstop_recruitment",123
"63","helvetica_partners_sarl",123
"64","core_recruit",122
"65","integra_hr",121
"66","synergie",119
"67","qpas",117
"68","recruitment_ssc_on_behalf_of_hscni",116
"69","g2_recruitment_solutions",112
"70","michael_page",110
"71","harvey_nash_it_recruitment_uk",106
"72","hccm_consulting_sa",105
"73","nhs_jobs",104
"74","mentor's_search",103
"75","iman_temporing_ett_sl",101
"76","michael_page_technology",97
"77","square_one_resources",97
"78","sc_psihoselect_contributors_srl",95
"79","manpower",93
"80","talent_stream",91
"81","hccm_consulting",89
"82","smartrecruting",89
"83","randstad_multilingual_recruitment_banen",87
"84","netherlandsexpatjobseu",83
"85","personnel_outsourcing",82
"86","swedenxpatjobscom",80
"87","pagepersonnel",80
"88","am_global_medical_recruitment",78
"89","manpowergroup",70
"90","randstad_technologies",70
"91","orienta",68
"92","orienta_spa",68
"93","randstad_italia_spa",66
"94","randstad_italia",65
"95","harvey_nash_it_recruitment_switzerland",64
"96","hays",63
"97","adecco_staffing",63
"98","grupo_multipessoal",63
"99","summit_recruitment_ag",63
"100","gi_group",63
"101","openjobmetis_spa",61
"102","experis",59
"103","lavoropiù_spa",59
"104","beacon_hill_staffing_group",58
"105","randstad_inhouse_services",57
"106","mcgregor_boyall",56
"107","pinnacle_rehab_staffing",55
"108","elite_it_recruitment_ltd",53
"109","monarch_recruitment_ltd",53
"110","portalento",53
"111","jobswipe",53
"112","apt_resources_services_srl",52
"113","italyxpatjobscom",49
"114","top_language_jobs",49
"115","gravitas_recruitment_group_ltd",48
"116","offerta_di_lavoro_da_neuvoo",48
"117","adecco_recursos_humanos_lda",47
"118","william_alexander_recruitment_ltd",47
"119","talent_center",47
"120","talent_international",47
"121","endeavour_recruitment",46
"122","gi_group_staffing_company_srl",46
"123","allen_recruitment_consulting",45
"124","syk_recruitment",45
"125","hays_talent_solutions",44
"126","recruit_121_limited",44
"127","hunt_recruitment",43
"128","eurojobland",43
"129","digital_gurus_recruitment_limited",42
"130","robert_walters",41
"131","egor",40
"132","etjca_spa",40
"133","ims_recruitment",39
"134","aim_hire_jobs",39
"135","technet_it_recruitment_(permanent)",38
"136","real_staffing_group",38
"137","ac_jobs",37
"138","ali_spa",37
"139","fresh_jobs",36
"140","jobnet",36
"141","abroad_experience_recruitment_agency",35
"142","computer_recruitment_services",35
"143","isr_recruitment_ltd",35
"144","wyser",35
"145","randstad_(schweiz)_ag",34
"146","adecco_italia_spa",34
"147","it_recruitment_solutions",34
"148","synergie_italia_spa",34
"149","randstad_outsourcing",33
"150","randstad_portugal",33
"151","multitempo",33
"152","energize_recruitment",33
"153","czechrepublicxpatjobscom",33
"154","jobs_contact_consulting_sro",33
"155","_connor_roettig request_technology_",33
"156","gi_group_spa",33
"157","key_talents",32
"158","_south_coast hays_dt_",31
"159","grupo_egor",31
"160","jobsnet phd",31
"161","_alissa_dean request_technology_",31
"162","_recursos_humanos adecco_",30
"163","adecco_italia_spa",30
"164","henlow_recruitment_group",30
"165","gi_group_spa",30
"166","eaglecliff_recruitment",29
"167","high_staff_recruitment",29
"168","technology_recruiting_solutionsinc",29
"169","digital_talent_agency",29
"170","areajob_spa",29
"171","pixie_recruitment_services_limited",28
"172","kelly_services",27
"173","randstad_nv",27
"174","randstad_sourceright",27
"175","isl_recruitment",27
"176","multipessoal",26
"177","biztek_recruitment_ltd",26
"178","_socially_responsible_recruitment sr2_",26
"179","talentor_romania",26
"180","cgi_group_inc",26
"181","_midlands hays_dt_",25
"182","dgh_recruitment_ltd",25
"183","integra_hr_srl",25
"184","manpower_sro",24
"185","adecco_staffing",24
"186","go_work",24
"187","openjobmetis_spa_agenzia_per_il_lavoro",24
"188","sc_integra_hr_srl",24
"189","occ_computer_personnel",24
"190","psihoselect",23
"191","iman_corp",23
"192","proprius_recruitment_ltd",23
"193","talentica",23
"194","talentor",23
"195","lisa_dräxlmaier_gmbh_jobwarede",23
"196","manpower_romania",22
"197","randstad",22
"198","it_search_&amp_selection",22
"199","talent_reserve",22
"200","lavoropiù_spa",22
"201","adecco",21
"202","intecselect",21
"203","frs_recruitment",21
"204","hrs_recruitment_services_srl",21
"205","profiles_recruitment",21
"206","absolute_jobs",21
"207","forum24 forum24_nord_gmbh_&_co_kg_job job",21
"208","jobconsult_srl",21
"209","jobdirectro",21
"210","_northern_ireland hays_dt_",20
"211","randstad",20
"212","alexandra_paul_recruitment_llp",20
"213","sigmar_recruitment",20
"214","tank_recruitment_limited",20
"215","jobandtalent",20
"216","talent_point_ltd",20
"217","lavoropiu'_spa_agenzia_per_il_lavoro",20
"218","azienda",20
"219","fullstack_recruitment_limited",19
"220","reflex_computer_recruitment_ltd",19
"221","rethink_recruitment",19
"222","it_talent_solutions_ltd",19
"223","job_connect",19
"224","eurostaff_group_limited",19
"225","manpower_italia_srl",18
"226","randstad_italia_spa",18
"227","hw_search_&amp_selection",18
"228","in_job_spa",18
"229","sc_absolute_jobs_romania_srl",18
"230","west_dunbartonshire_council",18
"231","randstad_professionals",17
"232","_madrid_madrid_provincia michael_page_españa_",17
"233","adecco_outsourcing",17
"234","adalta_recruitment_solutions_ltd",17
"235","talentor_international_gmbh",17
"236","joblift",17
"237","oasi_lavoro",17
"238","offerta_di_lavoro_da_neuvoo_premium",17
"239","synergie_italia",17
"240","blu_selection",16
"241","tria_recruitment",16
"242","amsource_technology_limited",16
"243","hays_poland",15
"244","hays_poland_sp_z_oo",15
"245","hays_specialist_recruitment_romania_srl",15
"246","eclipse_it_recruitment",15
"247","_specialist_cloud_&amp_it_infrastructure_technology_recruitmen infraview_",15
"248","talent_stream",15
"249","staff",15
"250","gi_group_deutschland_gmbh",15
"251","manpowergroup_cz",14
"252","adecco_medical",14
"253","bluewaveselect",14
"254","vertex_it_solutions_ltd",14
"255","barclay_simpson_recruitment",14
"256","langham_recruitment",14
"257","_myhire sustainalytics_",14
"258","agenzia_per_il_lavoro axl_spa",14
"259","mcgregor_pace",13
"260","gigroup",13
"261","4it_recruitment",13
"262","activ_recruitment_grup",13
"263","delegate_recruitment",13
"264","logical_recruitment_partners_ltd",13
"265","hampshire_hospitals_nhs_foundation_trust",13
"266","hire_digital",13
"267","maw_men_at_work",13
"268","sanctuary_personnel_limited",13
"269","kelly_services portugal",12
"270","hays_romania",12
"271","adecco_ver_empresa",12
"272","david_kennedy_recruitment",12
"273","ocean_jobs recruitment_for_river_and_ocean_liners",12
"274","piers_meadows_recruitment",12
"275","realtime_recruitment_ltd",12
"276","sc_best_corporate_labour_recruitment_srl",12
"277","sec_recruitment_ltd",12
"278","ignite_digital_talent",12
"279","talenter™",12
"280","tech_talent_id",12
"281","absolutejobs_ro",12
"282","accent_jobs_for_people_nv",12
"283","jobijoba",12
"284","staffsocial",12
"285","hays_poland_sp_z_oo",11
"286","fundación_randstad",11
"287","randstad_deutschland",11
"288","adecco_logística_y_transportes",11
"289","code_it_recruitment_ltd",11
"290","do_it_recruitment_srl",11
"291","evolve_recruitment_partners_ltd",11
"292","expert_recruiting_srl",11
"293","greifenberg_personalberatung_&_recruitment",11
"294","handle_recruitment_limited",11
"295","jnc_recruitment_ltd",11
"296","polar_recruitment_services_limited",11
"297","sbc_recruitment",11
"298","sopra_steria_recruitment_limited",11
"299","think_it_recruitment_ltd",11
"300","candour_talent_ltd",11
"301","_it talent_",11
"302","talenthawk",11
"303","austriaxpatjobscom",11
"304","crafted_details_with_your_skills_and_imagination_together_we_will_innovate_and_reinvent_the_future_of_travel_jw_marriott_is_part_of_marriott_international's_luxury_portfolio_and_consists_of_more_than_80_beautiful_properties_in_gateway_cities_and_distinctive_resort_locations_around_the_world_jw_believes_our_associates_come_first_because_if_you’re_happy_our_guests_will_be_happy_it’s_as_simple_as_that_our_hotels_offer_a_work_experience_unlike_any_other_where_you’ll_be_part_of_a_community_and_enjoy_a_true_camaraderie_with_a_diverse_group_of_co hourlystart_your_journey_with_us_marriott_international_portfolio_of_brands_includes_both_jw_marriott_and_marriott_hotelsmarriott_hotels_marriott_international’s_flagship_brand_with_more_than_500_global_locations_is_advancing_the_art_of_hosting_so_that_our_guests_can_travel_brilliantly_as_a_host_with_marriott_hotels_you_will_help_keep_this_promise_by_delivering_premium_choices_sophisticated_style_and_well in_communicate_parking_procedures_to_guests ins_by_confirming_reservations_assigning_room_and_issuing_and_activating_room_key_process_all_payment_types_such_as_room_charges_cash_checks_debit_or_credit_process_all_check jw_marriottschedule_full management marriott_hotels_resorts_ outs_including_resolving_any_late_and_disputed_charges_answer_record_and_process_all_guest_calls_messages_requests_questions_or_concerns_coordinate_with_housekeeping_to_track_readiness_of_rooms_for_check timeposition_type_non visitors_and_dispatch_bell_staff_or_valet_staff_as_needed_supply_guests_with_directions_and_information_regarding_property_and_local_areas_of_interest_run_daily_reports_(number_of_arrivals_departures)_identify_any_special_requests_and_check_reports_for_accuracy_complete_designated_cashier_and_closing_reports_in_the_computer_system_cash_guests'_personal_checks_and_traveler's_checks_count_bank_at_the_beginning_and_end_of_shift_balance_and_drop_receipts_according_to_accounting_specifications_     _follow_all_company_safety_and_security_policies_and_procedures_report_accidents_injuries_and_unsafe_work_conditions_to_manager_follow_all_company_policies_and_procedures_ensure_uniform_and_personal_appearance_are_clean_and_professional_maintain_confidentiality_of_proprietary_information_protect_company_assets_welcome_and_acknowledge_all_guests_according_to_company_standards_anticipate_and_address_guests'_service_needs_assist_individuals_with_disabilities_thank_guests_with_genuine_appreciation_speak_with_others_using_clear_and_professional_language_answer_telephones_using_appropriate_etiquette_develop_and_maintain_positive_working_relationships_with_others_comply_with_quality_assurance_expectations_and_standards_stand_sit_or_walk_for_an_extended_period_of_time_move_lift_carry_push_pull_and_place_objects_weighing_less_than_or_equal_to_10_pounds_without_assistance_perform_other_reasonable_job_duties_as_requested_by_supervisors  marriott_international_is_an_equal_opportunity_employer_committed_to_hiring_a_diverse_workforce_and_sustaining_an_inclusive_culture_marriott_international_does_not_discriminate_on_the_basis_of_disability_veteran_status_or_any_other_basis_protected_under_federal_state_or_local_laws workers_jw_creates_opportunities_for_training_development_recognition_and_most_importantly_a_place_where_you_can_really_pursue_your_passions_in_a_luxury_environment_treating_guests_exceptionally_starts_with_the_way_we_take_care_of_our_associates_that’s_the_jw_treatment™_job_summary      process_all_guest_check",11
"305","career_management_services_and_staffing",11
"306","hays_ag",10
"307","grupo_adecco",10
"308","bentley_whitaker_search_&amp_selection",10
"309","a1_recruitment_&amp_temporary_employment",10
"310","agile_recruit",10
"311","avanti_recruitment_ltd",10
"312","dk_recruitment_services",10
"313","high_staff_recruitment_srl",10
"314","mentmore_recruitment",10
"315","sure_it_recruitment",10
"316","the_talent_locker",10
"317","south_staffs_water_(incorporating_cambridge_water_company)",10
"318","adhr_group_–_agenzia_per_il_lavoro_spa",10
"319","synergie_tt_ett_comunidad_valenciana",10
"320","crossover",10
"321","hays_poland_sp_z_oo",9
"322","manpowergroup_portugal",9
"323","adecco_trabalho_temporário",9
"324","spitalul_municipal_de_urgență_„elena_beldiman”_din_bârlad_județul_vaslui",9
"325","abw_recruitment",9
"326","amc_recruitment",9
"327","cooper_lomaz_recruitment_limited",9
"328","eurpeople_recruitment_ltd",9
"329","global_tech_recruitment",9
"330","nonstop_recruitment",9
"331","profiles_recruitment",9
"332","job_partner",9
"333","devonshire_hayes",9
"334","maw_men_at_work_spa",9
"335","etjca_spa",9
"336","hays_accountancy_finance",8
"337","randstad_italia_spa",8
"338","*adecco_industrial",8
"339","adecco",8
"340","adecco_france",8
"341","adecco_italia_spa",8
"342","activ_recruitment_grup",8
"343","carrington_recruitment_solutions_ltd",8
"344","_the_marketing_recruitment_company get_the_job_",8
"345","grafton_recruitment",8
"346","network_it_recruitment",8
"347","oakleaf_recruitment",8
"348","perfect_people_recruitment_solutions_ltd",8
"349","recruitmentrevolutioncom",8
"350","rig_medical_recruit",8
"351","italent_consultancy",8
"352","job_impulse",8
"353","_trabalho_temporário job_impulse_",8
"354","job_italia_spa",8
"355","nordic_jobs_worldwide",8
"356","openjobmetis",8
"357","whitehall_resources",8
"358","gap_personnel_group_srl",8
"359","hays_information_technology",7
"360","manpower_españa",7
"361","manpower_italia_srl",7
"362","randstad_italia_spa",7
"363","adecco_industrie",7
"364","adecco_medical",7
"365","adecco_prestação_de_serviços",7
"366","adecco_recrutement",7
"367","adecco_recursos_humanos",7
"368","adecco_resurse_umane",7
"369","iman_temporing_ett_sl",7
"370","quimanna_arquitectura_sl",7
"371","experis_project_solutions",7
"372","ds_associates_recruitment",7
"373","ecom_recruitment",7
"374","eolas_recruitment",7
"375","essential_recruitment",7
"376","linuxrecruit",7
"377","maxegan_recruitment",7
"378","rise_technical_recruitment_ltd",7
"379","savant_recruitment",7
"380","tda_recruitment_ltd",7
"381","vector_recruitment_ltd",7
"382","cititec_talent_limited",7
"383","talenterprize",7
"384","talentocrat",7
"385","aoc_jobs",7
"386","jump_start_motorsports_jobs",7
"387","myjobscotland",7
"388","offerta_di_lavoro_da_jobtome",7
"389","partner_4_job_sro",7
"390","jobanzeigerde personalwerk_holding_gmbh_regio",7
"391","rzjob_gmbh",7
"392","sc_jobville_group_srl",7
"393","technojobs",7
"394","_empresa_de_trabalho_temporário_lda worldjob_",7
"395","eagle_eye_staffing_solutions",7
"396","devonshire",7
"397","north_yorkshire_county_council",7
"398","northamptonshire_healthcare_nhs_foundation_trust",7
"399","axl_spa_agenzia_per_il_lavoro",7
"400","helplavoro",7
"401","lavorint_spa",7
"402","orienta_agenzia_per_il_lavoro",7
"403","synergie",7
"404","cross_border_talents",6
"405","kelly_services_pt",6
"406","hays_specialist_recruitment_limited",6
"407","manpower_gmbh_&_co_kg",6
"408","randstad",6
"409","randstad_españa",6
"410","randstad_ett_sa",6
"411","randstad_italia_spa",6
"412","randstad_senlis",6
"413","adecco_rh",6
"414","iman",6
"415","additions_recruitment_consultants_ltd",6
"416","astute_technical_recruitment_ltd",6
"417","blue&white_recruitment_srl",6
"418","centum_recruitment_international_limited",6
"419","collins_mcnicholas_recruitment_&_hr_services_group",6
"420","completely_care_recruitment",6
"421","fuchsia_language_and_recruitment_center",6
"422","grafton_recruitment_brno",6
"423","granite_it_recruitment_limited",6
"424","l&ampg_recruitment_uk",6
"425","nst_recruitment_limited",6
"426","omnia_recruitment",6
"427","orchard_recruitment",6
"428","pearson_whiffin_recruitment",6
"429","prospectus_it_recruitment",6
"430","pytec_it_recruitment",6
"431","realtime_recruitment",6
"432","recruit_first_it",6
"433","rise_technical_recruitment",6
"434","rise_technical_recruitment_limited",6
"435","tech_recruitment",6
"436","house_recruitment tech",6
"437","twenty_recruitment_group",6
"438","vantage_recruitment_solutions_limited",6
"439","forum_emploi_formation_alternance:_talents_handicap",6
"440","forum_talents_handicap",6
"441","intalentia",6
"442","progress_talent",6
"443","talentor",6
"444","ago_jobs_&_hr",6
"445","go4jobs_merelbeke",6
"446","jobleads",6
"447","starjobs_magyarország",6
"448","advento_staffing_ltd",6
"449","global_american_staffing_inc",6
"450","wyser_srl",6
"451","gi_group_spain_ett",6
"452","sanctuary_personnel",6
"453","synergie_pt",6
"454","gruppo_orienta",6
"455","orienta_spa",6
"456","etjca_spa",6
"457","ali_spa",6
"458","humangest_group",6
"459","kelly_services_inc",5
"460","kelly_services_spa",5
"461","hays_it_&_telecom",5
"462","randstad_es",5
"463","randstad_italia_spa",5
"464","michael_page",5
"465","adecco_italia_spa",5
"466","adecco_resurse_umane_srl",5
"467","selección_selectiva_ett",5
"468","iman_ett_molins",5
"469","badenoch_&_clark",5
"470","a1_recruitment_&_temporary_employment",5
"471","action_recruitment",5
"472","change_recruitment",5
"473","european_recruitment",5
"474","evolution_hcc_|_recruitment",5
"475","forum_jobs_international_recruitm",5
"476","gleeson_recruitment_ltd",5
"477","goldman_recruitment_(mbe_group_sp_z_oo)",5
"478","grafton_recruitment_plzeň",5
"479","harvey_nash_it_recruitment_netherlands",5
"480","intelligent_trust_recruitment_limited",5
"481","kennedy_recruitment",5
"482","kingfisher_recruitment_specialists_limited",5
"483","millennium_recruitment_ltd",5
"484","nonstop recruitment",5
"485","proactive_it_recruitment_limited",5
"486","realtime_recruitment_limited",5
"487","redchair_recruitment",5
"488","the_profiles_executiv_recruitment",5
"489","trulink_recruitment_ltd",5
"490","yolk_recruitment",5
"491","your_world_recruitment_group",5
"492","fb_talent_search",5
"493","greentalent",5
"494","mills_goodwin_talent_network",5
"495","nes_global_talent",5
"496","sntalent",5
"497","talent_40",5
"498","talent_crew_ltd",5
"499","talentus",5
"500","the_talent_room",5
"501","bancadejoburi",5
"502","buscojobs_españa",5
"503","buscojobs_portugal",5
"504","dayjobs",5
"505","job4life",5
"506","jobdistrict_srl",5
"507","jobleads_(registrierung_erforderlich)",5
"508","jobsolandacom",5
"509","pro_ideal_jobs_srl",5
"510","sc_jobhunter_relocare_srl",5
"511","studentjob",5
"512","studentjob",5
"513","ukxpatjobscom",5
"514","gtn_technical_staffing",5
"515","romstaff",5
"516","staff_spa",5
"517","staffworx_limited",5
"518","hire one_szemelyzeti_tanácsadó_kft",5
"519","hire sap",5
"520","oggi_lavoro_srl",5
"521","umana_agenzia_per_il_lavoro",5
"522","page_personnel_españa",5
"523","etjca_spa",5
"524","hays_(schweiz)_ag",4
"525","hays_manufacturing",4
"526","@_manpower",4
"527","manpower_hr_srl",4
"528","manpower_italia_srl",4
"529","manpowergroup",4
"530","manpowergroup_portugal",4
"531","manpowergroup_solutions",4
"532","manpowergroup_solutions_unipessoal_lda",4
"533","united_global_manpower_resources_inc",4
"534","randstad_italia_spa",4
"535","randstad_sourceright_uk_limited",4
"536","michael_page_international_(poland)_sp_z_oo",4
"537","adecco_romania",4
"538","_girona_girona_provincia adecco_staffing_17225_valoraciones_17225_valoraciones____17225_valoraciones_",4
"539","_axxon_selecting_ett axxon_recursos_humans_",4
"540","grupo_iman",4
"541","iman_corporate",4
"542","experis_gmbh",4
"543","about_solutions_recruitment",4
"544","alira_recruitment",4
"545","allied_resource_recruitment_ltd",4
"546","bvb_recruit",4
"547","barnett_mccall_recruitment_srl",4
"548","berryrowan_recruitment_solutions_ltd",4
"549","centric_recruitment",4
"550","dkglobal_recruitment",4
"551","eden_recruitment_ltd",4
"552","entire_recruitment_solutions",4
"553","fronterra_recruitment_ltd",4
"554","g&ampj_lee_recruitment",4
"555","highams_recruitment",4
"556","impact_recruitment",4
"557","know_how_recruitment",4
"558","logical_recruitment_partners",4
"559","mw_recruitment",4
"560","new_era_recruiting\entegee",4
"561","nonstop_recruitment_ltd",4
"562","ntiative_it_recruitment",4
"563","pro_industry_recruitment_bv",4
"564","pro_recruit_solutions_srl",4
"565","project_recruit",4
"566","realtime_recruitment",4
"567","realtime_recruitment_limited",4
"568","recruitment_genius",4
"569","red_snapper_recruitment",4
"570","right_time_recruitment",4
"571","sanderson_recruitment",4
"572","sba_flex_recruitment",4
"573","sc_heka_recruitment_srl",4
"574","set2recruit",4
"575","shortlist_recruitment",4
"576","single_source_recruitment",4
"577","think_recruitment",4
"578","fórmula_do_talento",4
"579","talentia_international",4
"580","talentor_management_srl",4
"581","top_talents_romania",4
"582","01jobs_rbs",4
"583","denmarkxpatjobscom",4
"584","irelandxpatjobscom",4
"585","job_cruise",4
"586","crafted_details_with_your_skills_and_imagination_together_we_will_innovate_and_reinvent_the_future_of_travel_jw_marriott_is_part_of_marriott_international's_luxury_portfolio_and_consists_of_more_than_80_beautiful_properties_in_gateway_cities_and_distinctive_resort_locations_around_the_world_jw_believes_our_associates_come_first_because_if_you’re_happy_our_guests_will_be_happy_it’s_as_simple_as_that_our_hotels_offer_a_work_experience_unlike_any_other_where_you’ll_be_part_of_a_community_and_enjoy_a_true_camaraderie_with_a_diverse_group_of_co end_closing_procedures_and_reports_as_specified_prepare_review_reconcile_and_issue_bills_invoices_and_account_statements_according_to_company_procedures_     _follow_all_company_policies_and_procedures_ensure_uniform_and_personal_appearance_are_clean_and_professional_maintain_confidentiality_of_proprietary_information_protect_company_assets_protect_the_privacy_and_security_of_guests_and_coworkers_address_guests'_service_needs_in_a_professional_positive_and_timely_manner_speak_with_others_using_clear_and_professional_language_prepare_and_review_written_documents_accurately_and_completely_answer_telephones_and_emails_using_appropriate_etiquette_move_lift_carry_push_pull_and_place_objects_weighing_less_than_or_equal_to_10_pounds_without_assistance_develop_and_maintain_positive_working_relationships_with_others_support_team_to_reach_common_goals_listen_and_respond_appropriately_to_the_concerns_of_other_employees_perform_other_reasonable_job_duties_as_requested_by_supervisors  marriott_international_is_an_equal_opportunity_employer_committed_to_hiring_a_diverse_workforce_and_sustaining_an_inclusive_culture_marriott_international_does_not_discriminate_on_the_basis_of_disability_veteran_status_or_any_other_basis_protected_under_federal_state_or_local_laws hourlystart_your_journey_with_us_marriott_international_portfolio_of_brands_includes_both_jw_marriott_and_marriott_hotelsmarriott_hotels_marriott_international’s_flagship_brand_with_more_than_500_global_locations_is_advancing_the_art_of_hosting_so_that_our_guests_can_travel_brilliantly_as_a_host_with_marriott_hotels_you_will_help_keep_this_promise_by_delivering_premium_choices_sophisticated_style_and_well jw_marriottschedule_full management marriott_hotels_resorts_ or_analyze_computerized_financial_information_maintain_accurate_electronic_spreadsheets_for_financial_and_accounting_data_classify_code_and_summarize_numerical_and_financial_data_to_compile_and_keep_financial_records_using_journals_ledgers_and or_computers_prepare_maintain_and_distribute_statistical_financial_accounting_auditing_or_payroll_reports_and_tables_complete_period timeposition_type_non workers_jw_creates_opportunities_for_training_development_recognition_and_most_importantly_a_place_where_you_can_really_pursue_your_passions_in_a_luxury_environment_treating_guests_exceptionally_starts_with_the_way_we_take_care_of_our_associates_that’s_the_jw_treatment™_job_summary      check_figures_postings_and_documents_for_correct_entry_mathematical_accuracy_and_proper_codes_organize_secure_and_maintain_all_files_records_cash_and_cash_equivalents_in_accordance_with_policies_and_procedures_record_store_access_and",4
"587","only_job_srl",4
"588","viajob",4
"589","darwin_professional_staffing",4
"590","gi_group_staffing_company_srl",4
"591","staff_spa",4
"592","staff_temp_ro",4
"593","gloucestershire_clinical_commissioning_group",4
"594","gi_group",4
"595","gi_group_spain",4
"596","vivid_resourcing",4
"597","lavorint_spa",4
"598","apsa_personnel_concepts_gmbh",4
"599","consortia_personnel",4
"600","gap_personnel",4
"601","liquid_personnel",4
"602","military_medical_personnel",4
"603","teaching_personnel",4
"604","synergie_interim",4
"605","synergie_setúbal",4
"606","synergie_tt_ett_sa",4
"607","serivei_d'orientació_tr_sl",4
"608","ali_spa",4
"609","kelly_services_pt",3
"610","_scotland hays_dt_",3
"611","_west_&amp_wales hays_dt_",3
"612","hays_education",3
"613","hays_sales_&_marketing",3
"614","manpower",3
"615","_core manpower_",3
"616","manpower_portugal",3
"617","manpower_srl",3
"618","fundación_randstad",3
"619","randstad_search",3
"620","randstad_technologies_centro",3
"621","egor",3
"622","mcgregor_recruitments",3
"623","adecco_filiale_di_alessandria",3
"624","adecco_filiale_di_montecchio_emilia",3
"625","adecco_italia_spa",3
"626","_consultant_coordinator_trentino_alto_adige_verona_vicenza adecco_italia_spa_",3
"627","adecco_prestação_de_serviços",3
"628","adecco_spring_uk",3
"629","_madrid_madrid_provincia adecco_staffing_17169_valoraciones_17169_valoraciones____17169_valoraciones_",3
"630","_madrid_madrid_provincia adecco_staffing_17174_valoraciones_17174_valoraciones____17174_valoraciones_",3
"631","axxon_selecting_ett_slu",3
"632","first_choice_selection_services",3
"633","seleccion_selectiva",3
"634","select_auto_srl",3
"635","select_fruits_srl",3
"636","vertex_solutions_ltd",3
"637","caraiman_com",3
"638","iman_temporing_ett_sl",3
"639","_freshfields robert_walters_technology_",3
"640","experis_belgium",3
"641","experis_romania",3
"642","2seckrecruitment_ltd",3
"643","acorn_recruitment_ltd",3
"644","adept_recruitment_limited",3
"645","alcea_recruitment",3
"646","bawnless_recruitment_ltd",3
"647","big_red_recruitment_midlands_ltd",3
"648","collins_mcnicholas_recruitment",3
"649","cove_recruitment_ltd",3
"650","dkr_is_a_specialist_recruitment_consultancy_servicing_clients_across_various_countries",3
"651","do_it_recruitment",3
"652","elk_recruitment",3
"653","every_cloud_it_recruitment_ltd",3
"654","f_recruitment_international",3
"655","first_choice_recruitment",3
"656","fixed_recruitment",3
"657","gi_group_recruitment",3
"658","grafton_recruitment_sro",3
"659","hanover_recruitment_ltd",3
"660","hashtag_recruitment",3
"661","hero_recruitment",3
"662","hunters_recruitment_ltd",3
"663","_it_recruitment huntress_search_ltd_",3
"664","if_recruitment_ltd",3
"665","_specialist_cloud_&_it_infrastructure_technology_recruitmen infraview_",3
"666","initi8_recruitment",3
"667","insight_it_recruitment",3
"668","insignia_recruit",3
"669","international_recruiting",3
"670","kdr_recruitment_ltd",3
"671","kgu_recruitment",3
"672","ko2_embedded_recruitment_solutions_ltd",3
"673","liga_recruitment",3
"674","lincoln_recruitment_specialists",3
"675","lowry_recruitment_ltd",3
"676","mar_recruitment_&_consulting",3
"677","norconsulting_global_recruitment",3
"678","onyx_recruitment",3
"679","orp_–_overseas_recruitment_platform",3
"680","osr_recruitment_ltd",3
"681","proclinical_recruitment",3
"682","recruitmentpoint",3
"683","_dublin sanderson_recruitment_",3
"684","sec_recruitment",3
"685","simply_commerce_recruitment_ltd",3
"686","snowdon_recruitment_ltd",3
"687","stanford_recruitment_consulting_ltd",3
"688","synchro_recruitment",3
"689","technet_it_recruitment_limited",3
"690","technorecruit",3
"691","zest_dental_recruitment",3
"692","emeatalent",3
"693","fórmula_do_talento",3
"694","integral talent",3
"695","iq_talent_solutions",3
"696","leading_talent_solutions",3
"697","crafted_details_with_your_skills_and_imagination_together_we_will_innovate_and_reinvent_the_future_of_travel_jw_marriott_is_part_of_marriott_international's_luxury_portfolio_and_consists_of_more_than_80_beautiful_properties_in_gateway_cities_and_distinctive_resort_locations_around_the_world_jw_believes_our_associates_come_first_because_if_you’re_happy_our_guests_will_be_happy_it’s_as_simple_as_that_our_hotels_offer_a_work_experience_unlike_any_other_where_you’ll_be_part_of_a_community_and_enjoy_a_true_camaraderie_with_a_diverse_group_of_co hourlystart_your_journey_with_us_marriott_international_portfolio_of_brands_includes_both_jw_marriott_and_marriott_hotelsmarriott_hotels_marriott_international’s_flagship_brand_with_more_than_500_global_locations_is_advancing_the_art_of_hosting_so_that_our_guests_can_travel_brilliantly_as_a_host_with_marriott_hotels_you_will_help_keep_this_promise_by_delivering_premium_choices_sophisticated_style_and_well in_with_guests_to_assure_satisfaction_with_each_course_and_beverage_clean_tables_complete_closing_duties_and_re jw_marriottschedule_full management marriott_hotels_resorts_ oriented_positive_outlook_and_outgoing_personality_previous_serving_experience_is_a_big_plus_ this_role_requires_the_ability_to_move_and_lift_up_to_25_lbs_standing_sitting_or_walking_for_extended_periods_of_time_and_ensuring_a_professional_appearance_in_a_clean_uniform_are_also_required_prior_to_employment_we’ll_ask_you_to_complete_safety_training_and_certification connect_your_passions_with_a_rewarding_opportunityyou’re_a_food_and_beverage_enthusiast_who_really_enjoys_making_others_feel_at_home_when_you_work_with_us_you'll_get_to_entertain_and_meet_people_from_all_over_the_world_as_you_build_your_experience_ join_us_and_grow_through_opportunities_to_explore_the_business_opening_yourself_to_various_career_options_no_matter_your_path_we’ll_make_sure_you_feel_right_at_home marriott_international_is_an_equal_opportunity_employer_committed_to_hiring_a_diverse_workforce_and_sustaining_an_inclusive_culture_marriott_international_does_not_discriminate_on_the_basis_of_disability_veteran_status_or_any_other_basis_protected_under_federal_state_or_local_laws pleasing_mindset_are_an_important_part_of_why_our_guests_stay_with_us_again_and_again rewards_for_work_benefits_for_lifeyou’ll_be_supported_in_and_out_of_the_workplace_through: _discounts_on_hotel_rooms_gift_shop_items_food_and_beverage_learning_and_development_opportunities_recognition_programs_wellbeing_programs_encouraging_management_team spirited_colleagues_ the_impact_you’ll_make_you_know_the_finest_details_of_our_menu_and_can’t_wait_to_share_your_expertise_with_our_guests_when_they_dine_with_us_your_warm_greeting_flawless_table_settings_and_your_friendly_demeanor_do_not_go_unnoticed_no_matter_the_day_you_set_out_to_provide_each_guest_with_a_dining_experience_that_will_be_remembered_long_after_their_stay  _ what_you’ll_be_doing _welcome_guests_and_promptly_attend_to_tables_serve_food_and_beverages_to_guests_making_recommendations_if_needed_share_your_menu_knowledge_to_assist_guests_with_questions_and_special_requests_record_transactions_in_the_micros_system_correctly_and_timely_check stock_tableware_and_other_supplies_ what_we’re_looking_for _great_conversational_skills_and_teamwork timeposition_type_non workers_jw_creates_opportunities_for_training_development_recognition_and_most_importantly_a_place_where_you_can_really_pursue_your_passions_in_a_luxury_environment_treating_guests_exceptionally_starts_with_the_way_we_take_care_of_our_associates_that’s_the_jw_treatment™_explore_our_very_big_worldwe_welcome_you_to_join_our_global_and_diverse_family_whether_you’re_new_to_hospitality_or_a_seasoned_professional_you_can_come_to_us_knowing_that_you_will_always_be_appreciated_for_your_natural_talents_your_positive_energy_and_people",3
"698","opus_talent_solutions",3
"699","talent_matchmakers",3
"700","_native_speakers talent_search_people_",3
"701","talenter?",3
"702","talentuno",3
"703","the_talent_network_group",3
"704","active_job_consulting",3
"705","arbeitsvermittling_felix jobs",3
"706","bestjobs",3
"707","job_for_europe_srl",3
"708","impactjob",3
"709","interjobs_hs_(brasov)",3
"710","_zeitconcept_gmbh job_",3
"711","job_italia_spa",3
"712","jobbird",3
"713","jobconnect24_gmbh_&_cokg",3
"714","jobcontax",3
"715","joblet",3
"716","jobs_hunt_services_srl",3
"717","jobs_north",3
"718","jobs_via_stepstonebe",3
"719","lexiljob",3
"720","crafted_details_with_your_skills_and_imagination_together_we_will_innovate_and_reinvent_the_future_of_travel_jw_marriott_is_part_of_marriott_international's_luxury_portfolio_and_consists_of_more_than_80_beautiful_properties_in_gateway_cities_and_distinctive_resort_locations_around_the_world_jw_believes_our_associates_come_first_because_if_you’re_happy_our_guests_will_be_happy_it’s_as_simple_as_that_our_hotels_offer_a_work_experience_unlike_any_other_where_you’ll_be_part_of_a_community_and_enjoy_a_true_camaraderie_with_a_diverse_group_of_co current_menu_in_front_of_guest_etc_guide_guests_through_the_dining_rooms_and_provide_any_needed_assistance_move_and_arrange_tables_chairs_and_settings_and_organize_seating_for_groups_with_special_needs_ensure_place_settings_are_appropriate_and_each_guest_has_a_napkin_clean_silverware_and_any_other_item_that_is_part_of_the_standard_place_setting_check_menus_to_ensure_they_are_current_clean_plentiful_and_wrinkle free_maintain_cleanliness_of_work_areas_throughout_the_day_practicing_clean go_procedures_monitor_dining_rooms_for_seating_availability_service_safety_and_well_being_of_guests_     _follow_all_company_and_safety_and_security_policies_and_procedures_report_accidents_injuries_and_unsafe_work_conditions_to_manager_and_complete_safety_training_and_certifications_ensure_uniform_and_personal_appearance_are_clean_and_professional_maintain_confidentiality_of_proprietary_information_and_protect_company_assets_welcome_and_acknowledge_all_guests_according_to_company_standards_speak_with_others_using_clear_and_professional_language_and_answer_telephones_using_appropriate_etiquette_develop_and_maintain_positive_working_relationships_with_others_support_team_to_reach_common_goals_and_listen_and_respond_appropriately_to_the_concerns_of_other_employees_ensure_adherence_to_quality_expectations_and_standards_stand_sit_or_walk_for_an_extended_period_of_time_move_lift_carry_push_pull_and_place_objects_weighing_less_than_or_equal_to_10_pounds_without_assistance_perform_other_reasonable_job_duties_as_requested_by_supervisors  marriott_international_is_an_equal_opportunity_employer_committed_to_hiring_a_diverse_workforce_and_sustaining_an_inclusive_culture_marriott_international_does_not_discriminate_on_the_basis_of_disability_veteran_status_or_any_other_basis_protected_under_federal_state_or_local_laws hourlystart_your_journey_with_us_marriott_international_portfolio_of_brands_includes_both_jw_marriott_and_marriott_hotelsmarriott_hotels_marriott_international’s_flagship_brand_with_more_than_500_global_locations_is_advancing_the_art_of_hosting_so_that_our_guests_can_travel_brilliantly_as_a_host_with_marriott_hotels_you_will_help_keep_this_promise_by_delivering_premium_choices_sophisticated_style_and_well jw_marriottschedule_full management marriott_hotels_resorts_ timeposition_type_non workers_jw_creates_opportunities_for_training_development_recognition_and_most_importantly_a_place_where_you_can_really_pursue_your_passions_in_a_luxury_environment_treating_guests_exceptionally_starts_with_the_way_we_take_care_of_our_associates_that’s_the_jw_treatment™_job_summary      greet_guests_and_determine_the_number_in_their_party_seat_guests_by_finding_a_clean_available_table_pulling_out_chairs_placing_clean you",3
"721","crafted_details_with_your_skills_and_imagination_together_we_will_innovate_and_reinvent_the_future_of_travel_jw_marriott_is_part_of_marriott_international's_luxury_portfolio_and_consists_of_more_than_80_beautiful_properties_in_gateway_cities_and_distinctive_resort_locations_around_the_world_jw_believes_our_associates_come_first_because_if_you’re_happy_our_guests_will_be_happy_it’s_as_simple_as_that_our_hotels_offer_a_work_experience_unlike_any_other_where_you’ll_be_part_of_a_community_and_enjoy_a_true_camaraderie_with_a_diverse_group_of_co hourlystart_your_journey_with_us_marriott_international_portfolio_of_brands_includes_both_jw_marriott_and_marriott_hotelsmarriott_hotels_marriott_international’s_flagship_brand_with_more_than_500_global_locations_is_advancing_the_art_of_hosting_so_that_our_guests_can_travel_brilliantly_as_a_host_with_marriott_hotels_you_will_help_keep_this_promise_by_delivering_premium_choices_sophisticated_style_and_well jw_marriottschedule_full management marriott_hotels_resorts_ timeposition_type_non workers_jw_creates_opportunities_for_training_development_recognition_and_most_importantly_a_place_where_you_can_really_pursue_your_passions_in_a_luxury_environment_treating_guests_exceptionally_starts_with_the_way_we_take_care_of_our_associates_that’s_the_jw_treatment™_job_summary      operate_telephone_switchboard_station_in_order_to_answer_telephone_calls_process_guest_requests_for_wake_up_calls_screening_calls_and_other_requests_related_to_placing_or_receiving_telephone_calls_advise_guest_of_any_messages_(eg_voicemail_mail_faxes)_received_for_them_and_send_to_room_if_required_answer_record_and_process_all_guest_calls_requests_questions_or_concerns_receive_record_and_relay_messages_accurately_completely_and_legibly_log_all_guest_requests_or_issues_into_computer_contact_appropriate_individual_or_department_(eg_bellperson_housekeeping)_and_follow_up_with_guest_to_ensure_their_request_has_been_met_to_their_satisfaction_provide_information_to_guests_about_room_features_property_amenities_and_local_areas_of_interest_assist_guests_with_accessing_the_internet_report_accidents_injuries_and_unsafe_work_conditions_to_manager_     _follow_all_company_policies_and_procedures_ensure_uniform_and_personal_appearance_are_clean_and_professional_maintain_confidentiality_of_proprietary_information_and_protect_company_assets_welcome_and_acknowledge_all_guests_according_to_company_standards_anticipate_and_address_guests'_service_needs_assist_individuals_with_disabilities_and_thank_guests_with_genuine_appreciation_speak_with_others_using_clear_and_professional_language_and_answer_telephones_using_appropriate_etiquette_develop_and_maintain_positive_working_relationships_with_others_and_support_team_to_reach_common_goals_comply_with_quality_assurance_expectations_and_standards_read_and_visually_verify_information_in_a_variety_of_formats_stand_sit_or_walk_for_an_extended_period_of_time_or_for_an_entire_work_shift_move_lift_carry_push_pull_and_place_objects_weighing_less_than_or_equal_to_10_pounds_without_assistance_perform_other_reasonable_job_duties_as_requested_by_supervisors  marriott_international_is_an_equal_opportunity_employer_committed_to_hiring_a_diverse_workforce_and_sustaining_an_inclusive_culture_marriott_international_does_not_discriminate_on_the_basis_of_disability_veteran_status_or_any_other_basis_protected_under_federal_state_or_local_laws",3
"722","crafted_details_with_your_skills_and_imagination_together_we_will_innovate_and_reinvent_the_future_of_travel_jw_marriott_is_part_of_marriott_international's_luxury_portfolio_and_consists_of_more_than_80_beautiful_properties_in_gateway_cities_and_distinctive_resort_locations_around_the_world_jw_believes_our_associates_come_first_because_if_you’re_happy_our_guests_will_be_happy_it’s_as_simple_as_that_our_hotels_offer_a_work_experience_unlike_any_other_where_you’ll_be_part_of_a_community_and_enjoy_a_true_camaraderie_with_a_diverse_group_of_co employees_during_emergency_situations_defuse_guest_disturbances_and_escort_individuals_from_the_property_if_necessary_conduct_investigations_gather_evidence_and_facilitate_interviews_with_relevant_parties_complete_required_shift_reports_and_maintain_confidentiality_of_all_loss_prevention_documents_perks_you_deserve_we’ll_support_you_in_and_out_of_the_workplace_by_offering:_team first_attitude_a_gift_for_paying_attention_to_the_smallest_details_exercise_good_judgment_and_maintain_a_professional_demeanorthis_role_requires_compliance_with_quality_assurance_expectations_and_standards_you_may_be_required_to_stand_sit_or_walk_for_an_extended_period_of_time_move_lift_carry_push_pull_and_place_objects_weighing_less_than_or_equal_to_50_pounds_without_assistance_and_assist_with_moving_objects_weighing_in_excess_of_75_pounds_enter_and_locate_work hourlystart_your_journey_with_us_marriott_international_portfolio_of_brands_includes_both_jw_marriott_and_marriott_hotelsmarriott_hotels_marriott_international’s_flagship_brand_with_more_than_500_global_locations_is_advancing_the_art_of_hosting_so_that_our_guests_can_travel_brilliantly_as_a_host_with_marriott_hotels_you_will_help_keep_this_promise_by_delivering_premium_choices_sophisticated_style_and_well jw_marriottschedule_full management marriott_hotels_resorts_ or_point_of_sale_systems_perform_other_reasonable_job_duties_as_requested_by_supervisors_ you’re_welcomed_here_ _our_highest_priority_is_making_you_feel_as_welcome_as_our_guests_we_want_you_to_feel_comfortable_being_yourself_and_to_know_you’re_important_to_us_you’ll_make_an_impact_in_your_role_and_for_that_you’ll_be_appreciated_and_valued marriott_international_is_an_equal_opportunity_employer_committed_to_hiring_a_diverse_workforce_and_sustaining_an_inclusive_culture_marriott_international_does_not_discriminate_on_the_basis_of_disability_veteran_status_or_any_other_basis_protected_under_federal_state_or_local_laws related_information_using_computers_and spirited_coworkers_learning_and_development_opportunities_encouraging_management_wellbeing_programs_discounts_on_hotel_rooms_gift_shop_items_food_and_beverage_recognition_programs_what_we’re_looking_for_strong_communication_skills_a_history_of_thriving_in_stressful_situations_a_team timeposition_type_non workers_jw_creates_opportunities_for_training_development_recognition_and_most_importantly_a_place_where_you_can_really_pursue_your_passions_in_a_luxury_environment_treating_guests_exceptionally_starts_with_the_way_we_take_care_of_our_associates_that’s_the_jw_treatment™_welcome_to_our_family_ _we_welcome_you_to_be_a_member_of_our_global_diverse_marriott_family_whether_traveling_across_the_city_or_around_the_globe_we_realize_the_importance_of_making_each_guest_feel_as_welcome_and_secure_as_possible_your_protective_nature_and_attention_to_details_will_play_an_important_role_in_our_success_here_your_work_is_appreciated_as_much_as_your_individuality_and_you_will_be_supported_in_all_of_your_efforts   _ the_impact_you’ll_make_ _your_watchful_eye_and_protective_instinct_goes_far_beyond_basic_because_of_you_our_guests_can_come_and_go_freely_without_worry_your_dedication_to_safety_provides_the_guest_the_same_sense_of_security_as_they_feel_in_their_own_home_ what_you’ll_do_patrol_all_areas_of_the_property_and_assist_guests_with_room_access_monitor_security_feeds_and_conduct_daily_physical_hazard_inspections_respond_to_accidents_and_assist_guests",3
"723","openjob_line_srl",3
"724","planasa_agrojob_srl",3
"725","pro_ideal_jobs",3
"726","qbis_jobs_srl",3
"727","rssibjobs",3
"728","scijcjobssrl",3
"729","tivo_|_jobs_at_tivo",3
"730","grafton_temporary_staffing",3
"731","high_staff",3
"732","jtech_staffing",3
"733","staff_spa",3
"734","staffline",3
"735","leicestershire_partnership_trust",3
"736","nhs_ayrshire_and_arran",3
"737","south_northamptonshire_council",3
"738","united_lincolnshire_hospitals_nhs_trust",3
"739","yorkshire_ambulance_service_hq",3
"740","craig_johnson request_technology",3
"741","gi_group_brasov",3
"742","gi_group_spa",3
"743","gi_group_spa",3
"744","gi_group_spa_filiale_di_rivarolo_canavese",3
"745","integra_hr",3
"746","direzione_lavoro_srl",3
"747","actief_personnel_management",3
"748","career_personnel",3
"749","page_personnel_italia",3
"750","social_personnel",3
"751","synergie_italia_spa_filiale_di_civitanova_marche",3
"752","orienta_filiale_di_affi",3
"753","ali_spa",3
"754","banca_generali_spa",3
"755","kelly_services_spa",2
"756","_east_of_england hays_dt_",2
"757","_west_&_wales hays_dt_",2
"758","hays_france",2
"759","hays_office",2
"760","hays_österreich_gmbh",2
"761","hays_poland",2
"762","hays_professional_solutions_gmbh",2
"763","greenfields_international_manpower_services_inc",2
"764","manpower_belgium",2
"765","manpower_selección",2
"766","manpower_srl",2
"767","manpowergroup_solutions_core",2
"768","ruxandra_manpower",2
"769","@_randstad",2
"770","randstad_care",2
"771","randstad_filiale_di_sant'agata_bolognese_technical",2
"772","randstad_italia",2
"773","randstad_italia_spa",2
"774","randstad_italia_spa",2
"775","randstad_partner",2
"776","randstad_rrhh",2
"777","__pobočka_hradec_králove randstad_sro__",2
"778","randstad_uk",2
"779","egor_trabalho_temporário",2
"780","gregor_concept_srl",2
"781","liceul_teoretic_„jozef_gregor_tajovsky”_din_nădlac_județul_arad",2
"782","michael_page_international",2
"783","michael_page_international_netherlands_sa",2
"784","michael_page_international_recruitment_limited",2
"785","adecco_filiale_di_cittadella",2
"786","adecco_italia_spa",2
"787","adecco_italia_spa",2
"788","adecco_kft",2
"789","adecco_medical",2
"790","adecco_personaldienstleistungen_gmbh",2
"791","_lisboa adecco_portugal_",2
"792","adecco_recursos_humanos_ver_empresa",2
"793","adecco_resurse_umane_sibiu",2
"794","adecco_spol_s_ro",2
"795","_esplugues_de_llobregat_barcelona_provincia adecco_staffing_",2
"796","_esplugues_de_llobregat_barcelona_provincia adecco_staffing_17169_valoraciones_17169_valoraciones____17169_valoraciones_",2
"797","_esplugues_de_llobregat_barcelona_provincia adecco_staffing_17174_valoraciones_17174_valoraciones____17174_valoraciones_",2
"798","_esplugues_de_llobregat_barcelona_provincia adecco_staffing_17180_valoraciones_17180_valoraciones____17180_valoraciones_",2
"799","_madrid_madrid_provincia adecco_staffing_17180_valoraciones_17180_valoraciones____17180_valoraciones_",2
"800","_esplugues_de_llobregat_barcelona_provincia adecco_staffing_17186_valoraciones_17186_valoraciones____17186_valoraciones_",2
"801","_esplugues_de_llobregat_barcelona_provincia adecco_staffing_17187_valoraciones_17187_valoraciones____17187_valoraciones_",2
"802","adecco_tt",2
"803","fundacion_adecco",2
"804","the_adecco_group",2
"805","balans_selective_bv",2
"806","cn_transelectrica_sa_sucursala_de_transport_cluj",2
"807","consulting_point_executive_search_and_selection_ltd",2
"808","eq_select",2
"809","future_select_ltd",2
"810","hr_select",2
"811","jolly_select_srl",2
"812","linda_selection",2
"813","instalaçõeselectricasarco luxarclima",2
"814","metzger_search_&amp_selection_ltd",2
"815","psihoselect_contributors_srl",2
"816","sc_intergame_select_com",2
"817","select&amprecruiting_services_srl",2
"818","gigroup",2
"819","_ett_e_rh_lda gigroup_",2
"820","_empresa_de_trabalho_temporário_lda multitempo_",2
"821","caraiman_incons_srl",2
"822","complexul_multifuncţional_„caraiman”_din_bucurești",2
"823","iman_ett",2
"824","iman_temporing",2
"825","primăria_comunei_şimand_județul_arad",2
"826","primăria_comunei_zimandu_nou_județul_arad",2
"827","şcoala_gimnazială_„mora_ferenc”_zimandu_nou_judeţul_arad",2
"828","spitalul_municipal_de_urgenta_""elena_beldiman""_barlad",2
"829","_iag_gbs robert_walters_technology_",2
"830","_shell robert_walters_technology_",2
"831","experis_españa",2
"832","1recruit_international",2
"833","1st_recruiter",2
"834","4leisure_recruitment",2
"835","a1_recruitment_&_temporary_employment",2
"836","abacus_professional_recruitment",2
"837","ace_recruit_srl",2
"838","acorn_recruitment",2
"839","alchemy_recruitment_ltd",2
"840","all_pro_recruitment",2
"841","andreea_recruiter",2
"842","barclay_simpson_corporate_governance_recruitment",2
"843","bluestream_recruitment",2
"844","bm_recruit",2
"845","careerwise_recruitment",2
"846","careerwise_recruitment",2
"847","core_recruit",2
"848","cpl_recruitment",2
"849","a_davanti_recruitment davanti_solutions_t",2
"850","delegate_international_recruitment_ltd",2
"851","dk_global_recruitment_limited",2
"852","donard_recruitment",2
"853","empowering_recruitment",2
"854","eu_recruit",2
"855","evolution_recruitment_solutions",2
"856","excel_engineering_recruitment_ltd",2
"857","expat_recruitment_ltd",2
"858","fintec_recruit",2
"859","frank_recruitment_group",2
"860","future_manager_recruitment",2
"861","gemini_healthcare_recruitment_ltd",2
"862","gemini_healthcare_recruitment_ltd",2
"863","goose_recruitment",2
"864","gowork_recruitment_bt",2
"865","grafton_recruitment_česke_budějovice",2
"866","harvey_nash_it_recruitment_belgium",2
"867","hbh_recruiters_srl",2
"868","hd_recruitment_ltd",2
"869","hewett_recruitment",2
"870","hr_recruitment_center",2
"871","hsa_recruitment_kft",2
"872","human_power_recruitment",2
"873","intermarin_recruitment",2
"874","jarrodean_healthcare_recruitment",2
"875","jmc_legal_recruitment",2
"876","jt_recruit",2
"877","jump_it_recruitment_solutions_ltd",2
"878","living_business_recruiting",2
"879","lsa_recruit",2
"880","mjm_recruitment_ltd",2
"881","njr_recruitment",2
"882","nonstop_recruitment",2
"883","one_ recruitment_agency",2
"884","orizont_recruiting",2
"885","penguin_recruitment_ltd",2
"886","peopletree_recruitment",2
"887","pro tax_recruitment",2
"888","progressive_recruitment",2
"889","recruit_srl",2
"890","recruitment_direct",2
"891","recruitment_partnership",2
"892","recruitment_revolution",2
"893","refreshing_recruitment_limited",2
"894","rel_recruitment",2
"895","s_knights_recruitment",2
"896","security_fire_recruitment_uk",2
"897","sigmar_recruitment",2
"898","simplika_recruitment_srl",2
"899","skye_solutions_recruitment",2
"900","3_recruitment som",2
"901","stealth_it_recruitment",2
"902","syk_recruitment_specialists",2
"903","synergie_international_recruitment",2
"904","technique_recruitment_solutions",2
"905","terrat_recruitment",2
"906","terrat_recruitment_srl",2
"907","theo_jones_recruitment",2
"908","tradewind_recruitment",2
"909","travel_jobs_recruitment",2
"910","triotech_recruitment",2
"911","understanding_recruitment_ltd",2
"912","united_recruitment",2
"913","universal_recruitment",2
"914","vanilla_recruitment_ltd",2
"915","vetro_recruitment_ltd",2
"916","vivate_recruitment",2
"917","cielo_talent",2
"918","cogito_talent",2
"919","cpl_talent_solutions",2
"920","a_curo_talent curo_resourcing_ltd_t",2
"921","fb_talent_search",2
"922","itech_talent",2
"923","opus_talent_solutions",2
"924","qpl_talent",2
"925","sntalent",2
"926","talented_north_ltd",2
"927","talentia_international",2
"928","talenting_agricultura_srl",2
"929","talentscan",2
"930","talentseed",2
"931","talentwerk",2
"932","the_talent_room",2
"933","@_absolute_jobs",2
"934","abile_job",2
"935","accent_jobs4shops_st niklaas",2
"936","actief_jobmade_gmbh",2
"937","ago_jobs_&_hr",2
"938","alex_jobforlife",2
"939","altina_gbr_regio jobanzeigerde",2
"940","areajob_spa_agenzia_per_il_lavoro",2
"941","bluecollar_job_supply_a",2
"942","cipa_jobs",2
"943","crit_job",2
"944","debeo_jobs",2
"945","dynamic_job",2
"946","ejobs_group",2
"947","excellent_match_job",2
"948","itjobs_sro",2
"949","_luik itzu_jobs_",2
"950","job_connect",2
"951","job_consult",2
"952","job_district",2
"953","job_impulse_portugal",2
"954","job_italia_spa",2
"955","job_start_srl",2
"956","job_trust",2
"957","job_win",2
"958","job_win",2
"959","jobdistrict",2
"960","jobfinders",2
"961","jobg8",2
"962","jobleads",2
"963","jobmatch",2
"964","jobot",2
"965","jobs",2
"966","jobsallovereu",2
"967","jobserve_limited",2
"968","jobserve_ltd",2
"969","jobserve_qa_(p4p_pay_as_you_go)",2
"970","jobsy",2
"971","lernett_job",2
"972","crafted_details_with_your_skills_and_imagination_together_we_will_innovate_and_reinvent_the_future_of_travel_jw_marriott_is_part_of_marriott_international's_luxury_portfolio_and_consists_of_more_than_80_beautiful_properties_in_gateway_cities_and_distinctive_resort_locations_around_the_world_jw_believes_our_associates_come_first_because_if_you’re_happy_our_guests_will_be_happy_it’s_as_simple_as_that_our_hotels_offer_a_work_experience_unlike_any_other_where_you’ll_be_part_of_a_community_and_enjoy_a_true_camaraderie_with_a_diverse_group_of_co hourlystart_your_journey_with_us_marriott_international_portfolio_of_brands_includes_both_jw_marriott_and_marriott_hotelsmarriott_hotels_marriott_international’s_flagship_brand_with_more_than_500_global_locations_is_advancing_the_art_of_hosting_so_that_our_guests_can_travel_brilliantly_as_a_host_with_marriott_hotels_you_will_help_keep_this_promise_by_delivering_premium_choices_sophisticated_style_and_well jw_marriottschedule_full management marriott_hotels_resorts_ timeposition_type_non workers_jw_creates_opportunities_for_training_development_recognition_and_most_importantly_a_place_where_you_can_really_pursue_your_passions_in_a_luxury_environment_treating_guests_exceptionally_starts_with_the_way_we_take_care_of_our_associates_that’s_the_jw_treatment™_job_summary fix_minor_plumbing_problems_such_as_unclogging_drains_assemble_pipe_sections_tubing_and_fittings_fill_pipes_or_plumbing_fixtures_with_water_or_air_to_detect_and_locate_leaks_review_blueprints_building_codes_and_specifications_study_building_plan_and_inspect_structure_in_order_plan_installations_measure_cut_thread_and_bend_pipe_to_required_angle_install_and_maintain_pipe_assemblies_fittings_valves_appliances_and_fixtures_perform_miscellaneous_minor_repairs_perform_preventative_maintenance_on_tools_and_equipment_ follow_all_company_and_safety_and_security_policies_and_procedures_and_report_safety_hazards_accidents_or_injuries_complete_safety_training_and_certifications_ensure_uniform_and_personal_appearance_are_clean_and_professional_maintain_confidentiality_of_proprietary_information_and_protect_company_assets_welcome_and_acknowledge_all_guests_according_to_company_standards_and_anticipate_and_address_guests'_service_needs_develop_and_maintain_positive_working_relationships_with_others_speak_with_others_using_clear_and_professional_language_ensure_adherence_to_quality_expectations_and_standards_move_lift_carry_push_pull_and_place_objects_weighing_less_than_or_equal_to_75_pounds_without_assistance_assist_with_moving_lifting_carrying_and_placing_of_objects_weighing_in_excess_of_100_pounds_grasp_turn_and_manipulate_objects_of_varying_size_and_weight_reach_overhead_and_below_the_knees_including_bending_twisting_pulling_and_stooping_move_up_and_down_a_ladder_stand_sit_or_walk_for_an_extended_period_of_time_perform_other_reasonable_job_duties_as_requested_by_supervisors  marriott_international_is_an_equal_opportunity_employer_committed_to_hiring_a_diverse_workforce_and_sustaining_an_inclusive_culture_marriott_international_does_not_discriminate_on_the_basis_of_disability_veteran_status_or_any_other_basis_protected_under_federal_state_or_local_laws",2
"973","aktuell medienjobs",2
"974","meinjob",2
"975","meisterjob",2
"976","monica_job",2
"977","neo_art_jobs_srl",2
"978","openjobmetis_spa_agenzia_per_il_lavoro",2
"979","openjobmetis_spa_filiale_di_bussolengo",2
"980","orizont_jobs",2
"981","powerjobs_sp_z_oo",2
"982","quojobis",2
"983","rekrutację_prowadzi:_jobspl_sa_96_opinii_1_rozmowa_kwalifikacyjna_inne_oferty_pracodawcy",2
"984","sc_debeo_jobs_srl",2
"985","sc_excellent_match_job_srl",2
"986","sc_family_job_srl",2
"987","sc_job_connect_srl",2
"988","sc_mondojob_srl",2
"989","sc_netherlands_jobs_srl",2
"990","sc_reno_inter_jobs_srl",2
"991","sea_jobs_constanta",2
"992","jobsde talea_aktuelle",2
"993","tempjob_ett",2
"994","usa_jobs",2
"995","welljob",2
"996","all_staff",2
"997","eurostaff_group_sas",2
"998","staff_company__srl",2
"999","staff_extra",2
"1000","staff_spa_filiale_di_milano",2
"1001","staff_spa",2
"1002","staffcz",2
"1003","staffsocial",2
"1004","strategic_staffing_solutions_international",2
"1005","hire_global_services",2
"1006","hired",2
"1007","hirepower_personnel_inc",2
"1008","north_yorkshire_county_council",2
"1009","primăria_comunei_aghireşu",2
"1010","techire_solutions",2
"1011","career_helper_hiring_for_career_helper",2
"1012","wyser_it",2
"1013","wyser_romania",2
"1014","gi_group",2
"1015","gi_group_spa_filiale_di_porto_sant'elpidio_(fm)",2
"1016","usource_technology",2
"1017","empiric",2
"1018","helvetica_partners",2
"1019","lavorint",2
"1020","lavorodoc",2
"1021","lavoropiù",2
"1022","abites_hr_solutions_gmbh_&_co_kg_germanpersonnelde",2
"1023","jarrodean_personnel_ltd",2
"1024","lifeline_personnel",2
"1025","personnel_militaire_armee_de_l'air",2
"1026","sanctuary_personnel_ltd",2
"1027","trinity_personnel_ltd",2
"1028","zeitkraft_gesellschaft_für_personalservice_mbh_germanpersonnelde",2
"1029","synergie_filiale_di_casale_monferrato",2
"1030","synergie_italia_spa",2
"1031","fundació_orienta",2
"1032","orienta_filiale_di_reggio_emilia",2
"1033","_filiale_di_civitanova_marche_(mc) ali_spa_",2
"1034","_filiale_di_parma ali_spa_",2
"1035","assicurazioni_generali_spa",2
"1036","kelly_services_norway_as",1
"1037","kelly_services_spa",1
"1038","hays_amiens",1
"1039","hays_construction_&_property",1
"1040","_london_city hays_dt_",1
"1041","hays_health",1
"1042","hays_internal_recruitment",1
"1043","hays_ireland",1
"1044","hays_london_ebury_gate",1
"1045","hays_louvain neuve",1
"1046","hays_northern_ireland",1
"1047","hays_office_support",1
"1048","hays_plc",1
"1049","hays_professional_solutions_gmbh",1
"1050","hays_response_antwerpen",1
"1051","hays_specialist_recruitment_further_education",1
"1052","hays_specialist_recruitment_limited_easy_apply",1
"1053","eurobalkan_manpower_srl",1
"1054","filiale_di_parma_gramsci_manpower_italia_srl",1
"1055","international_manpower_solutions_srl",1
"1056","manpower_beziers",1
"1057","manpower_cluj",1
"1058","manpower_cz",1
"1059","manpower_france",1
"1060","manpower_group_srl",1
"1061","manpower_interim",1
"1062","manpower_italia",1
"1063","manpower_kantoor_roeselare",1
"1064","manpower_oü",1
"1065","manpower_pooling_srl",1
"1066","manpower_portugal",1
"1067","manpower_srl",1
"1068","manpower_srl",1
"1069","manpower_srl",1
"1070","manpower_trabajo_temporal",1
"1071","manpowergroup_gmbh",1
"1072","manpowergroup_solutions",1
"1073","manpowergroup_sp_z_oo",1
"1074","multiprofesional_manpower_srl",1
"1075","v_ships_manpower",1
"1076","filiale_di_reggio_emilia_technical_randstad_italia_spa",1
"1077","_lisboa randstad_",1
"1078","randstad_belgium",1
"1079","randstad_business_support",1
"1080","randstad_construction_property_and_engineering",1
"1081","randstad_deutschland_germanpersonnelde",1
"1082","randstad_divisione_technologies3",1
"1083","randstad_employment_bureau",1
"1084","randstad_filiale_di_montecchio_emilia",1
"1085","randstad_filiale_di_padova_permanent",1
"1086","randstad_france",1
"1087","randstad_gretz_armainvilliers",1
"1088","randstad_hellas",1
"1089","randstad_hungary",1
"1090","randstad_hungary_kft",1
"1091","randstad_inhouse_services_esy",1
"1092","randstad_inhouse_services_lsg",1
"1093","randstad_italia_spa",1
"1094","randstad_lamballe",1
"1095","randstad_nederland",1
"1096","randstad_österreich",1
"1097","randstad_recursos_humanos",1
"1098","randstad_romania_srl",1
"1099","randstad_sro",1
"1100","randstad_search_lyon_technique",1
"1101","randstad_staffing",1
"1102","randstad_staffing_srl",1
"1103","randstad_talent_selection_torino_ho",1
"1104","randstad_tulle",1
"1105","randstadcpe",1
"1106","category choice",1
"1107","egor_outsourcing",1
"1108","gregori_trading_srl",1
"1109","_green_break_srl gregory’s_romania_",1
"1110","rekrutację_prowadzi:_firma_handlowo usługowa_bauman_grzegorz_przez_infopracapl_0_opinii_0_rozmów_kwalifikacyjnych_inne_oferty_pracodawcy",1
"1111","michael_page_interim_management",1
"1112","michael_page_interim_management",1
"1113","michael_page_international_(zurich)",1
"1114","michael_page_poland",1
"1115","michael_page_portugal",1
"1116","michael_page_retail",1
"1117","_point_blank_music_school michael_page_technology_",1
"1118","*adecco__distribucion",1
"1119","*adecco_top_secretaries",1
"1120","adecco_a_domicile",1
"1121","adecco_asse",1
"1122","adecco_banca",1
"1123","adecco_banca",1
"1124","adecco_česke_budějovice",1
"1125","adecco_ec_wallonie_ouest",1
"1126","adecco_filiale_di_bassano_industrial",1
"1127","adecco_filiale_di_benevento",1
"1128","adecco_filiale_di_fermo",1
"1129","adecco_filiale_di_genova_magnaghi",1
"1130","adecco_filiale_di_mantova",1
"1131","adecco_filiale_di_melegnano",1
"1132","adecco_filiale_di_milano_banche",1
"1133","adecco_filiale_di_rho",1
"1134","adecco_filiale_di_seriate",1
"1135","adecco_filiale_di_sondrio",1
"1136","adecco_hr",1
"1137","adecco_hradec_králove",1
"1138","adecco_it",1
"1139","adecco_italia_spa",1
"1140","_consultant_filiale_fornovo_ _langhirano adecco_italia_spa_",1
"1141","adecco_mã©dical",1
"1142","adecco_norge_as_(prin_eures)",1
"1143","adecco_ostrava",1
"1144","adecco_plzeň",1
"1145","_lisboa adecco_portugal_17206_avaliações_17206_avaliações____17206_avaliações_",1
"1146","_lisboa adecco_portugal_17212_avaliações_17212_avaliações____17212_avaliações_",1
"1147","_lisboa adecco_portugal_17224_avaliações_17224_avaliações____17224_avaliações_",1
"1148","_lisboa adecco_portugal_17391_avaliações_17391_avaliações____17391_avaliações_",1
"1149","_lisboa adecco_portugal_17405_avaliações_17405_avaliações____17405_avaliações_",1
"1150","_újezd adecco_praha_",1
"1151","adecco_químico farma",1
"1152","adecco_rh",1
"1153","adecco_ru",1
"1154","adecco_spols_ro",1
"1155","_esplugues_de_llobregat_barcelona_provincia adecco_staffing_17128_valoraciones_17128_valoraciones____17128_valoraciones_",1
"1156","_esplugues_de_llobregat_barcelona_provincia adecco_staffing_17141_valoraciones_17141_valoraciones____17141_valoraciones_",1
"1157","_madrid_madrid_provincia adecco_staffing_17142_valoraciones_17142_valoraciones____17142_valoraciones_",1
"1158","_madrid_madrid_provincia adecco_staffing_17144_valoraciones_17144_valoraciones____17144_valoraciones_",1
"1159","_madrid_madrid_provincia adecco_staffing_17145_valoraciones_17145_valoraciones____17145_valoraciones_",1
"1160","_madrid_madrid_provincia adecco_staffing_17186_valoraciones_17186_valoraciones____17186_valoraciones_",1
"1161","_madrid_madrid_provincia adecco_staffing_17187_valoraciones_17187_valoraciones____17187_valoraciones_",1
"1162","_girona_girona_provincia adecco_staffing_17209_valoraciones_17209_valoraciones____17209_valoraciones_",1
"1163","_girona_girona_provincia adecco_staffing_17219_valoraciones_17219_valoraciones____17219_valoraciones_",1
"1164","_girona_girona_provincia adecco_staffing_17221_valoraciones_17221_valoraciones____17221_valoraciones_",1
"1165","_girona_girona_provincia adecco_staffing_17231_valoraciones_17231_valoraciones____17231_valoraciones_",1
"1166","_girona_girona_provincia adecco_staffing_17331_valoraciones_17331_valoraciones____17331_valoraciones_",1
"1167","adecco_switzerland",1
"1168","adecco_tournai",1
"1169","filiale_di_reggio_emilia_r_elena_adecco_italia_spa",1
"1170","fundación_adecco",1
"1171","advanced_selection_ltd",1
"1172","alamos_select_srl",1
"1173","apple_search_&_selection",1
"1174","apple_search_&amp_selection",1
"1175","borodi_construct_select_srl",1
"1176","cntranselectrica_sa",1
"1177","cntranselectrica_sa_utt_constanta",1
"1178","ceres_|selected_people_in_food_&_agri|",1
"1179","cn_transelectrica_sa_sttimisoara",1
"1180","compania_nationala_de_transport_al_energiei_electrice_transelectrica_sa_sucursala_de_transport_sibiu",1
"1181","consult_search_&_selection_ltd",1
"1182","hunter_selection",1
"1183","hunter_selection_limited",1
"1184","hw_search_&_selection_ltd",1
"1185","intergame_select",1
"1186","intergame_select_srl",1
"1187","intermedia_selection",1
"1188","intermedia_selection_srl",1
"1189","intermedia_selection_srl",1
"1190","it_search_&_selection",1
"1191","margarinerie_aigremont_via_proselect",1
"1192","oldbury_search_&amp_selection_ltd",1
"1193","p3_search_&_selection",1
"1194","p3_search_&amp_selection_limited",1
"1195","panacea_selection_ltd",1
"1196","pinpoint_selection",1
"1197","profile_search_&_selection_ltd",1
"1198","proselection",1
"1199","redfox_executive_selection_ltd",1
"1200","sc_borodi_construct_select_srl",1
"1201","sc_sofi_shop_select_srl",1
"1202","select",1
"1203","select_catering_oradea",1
"1204","select_fast_food_srl",1
"1205","select_ferm_srl",1
"1206","select_it",1
"1207","select_prest_sib_srl",1
"1208","jobs select",1
"1209","select tech",1
"1210","selectek",1
"1211","selectiva_sl_(prin_eures)",1
"1212","selectpuzzle_lda",1
"1213","selectron_invest",1
"1214","ssg_select_solutions_srl",1
"1215","synergi_search_&_selection",1
"1216","gigroup_brasov",1
"1217","_agência_de_emprego vertex_",1
"1218","vertex_solutions_international",1
"1219","_empresa_de_recursos_humanos multitempo_",1
"1220","_recursos_humanos multitempo_",1
"1221","multitempo_ett",1
"1222","arimany_selecció_de_talent",1
"1223","arimany_selecció_de_talent_arimanyscat",1
"1224","bilal_suleimano",1
"1225","complexul_multifuncţional_„caraiman“_bucurești",1
"1226","cristina_maria_căliman",1
"1227","_activitate_medicala drsleiman_mourtada_",1
"1228","enviman",1
"1229","eu_personalservice_caliman&muller_srl",1
"1230","iman_corporation",1
"1231","iman_portugal",1
"1232","iman_seguridad",1
"1233","_neamț liceul_tehnologic_„arhimandrit_chiriac_nicolau”_vânători",1
"1234","pensiunea_sharaiman",1
"1235","primăria_comunei_butimanu_judeţul_dâmboviţa",1
"1236","primăria_comunei_limanu_judeţul_constanţa",1
"1237","recimant_sl",1
"1238","școala_gimnazială_„andrei_șaguna”_satul_andrei_șaguna_comuna_zimandu_nou_județul_arad",1
"1239","şcoala_gimnazială_„arhimandrit_teofil“_balaciu",1
"1240","scoala_gimnaziala_„arhimandrit_teofil“_balaciu_judetul_ialomita",1
"1241","şcoala_gimnazială_„arhimandrit_teofil“_balaciu_judeţul_ialomiţa",1
"1242","şcoala_gimnazială_nr_1_comuna_limanu",1
"1243","şcoala_gimnazială_„mareşal_constantin_prezan“_butimanu_județul_dâmbovița",1
"1244","şcoala_gimnazială_„mareşal_constantin_prezan”_din_butimanu_județul_dâmbovița",1
"1245","spitalul_municipal_de_urgență_„elena_beldiman“_bârlad",1
"1246","spitalul_municipal_de_urgență_„elena_beldiman”_din_bârlad",1
"1247","spitalul_municipal_de_urgenta_„elena_beldiman”_din_barlad_judetul_vaslui",1
"1248","spitalul_municipal_de_urgență_„elena_beldiman”_bârlad",1
"1249","timan",1
"1250","vimandra",1
"1251","_general_medical_council robert_walters_",1
"1252","expatica",1
"1253","expatica_communications",1
"1254","new_horizons_center",1
"1255","experis_poland",1
"1256","experis_srl",1
"1257","experis_sales_&_marketing_retail",1
"1258","experis_sales_&amp_marketing_retail",1
"1259","experis_tech",1
"1260","26_recruitment",1
"1261","abalon_recruitment_gmbh",1
"1262","acorn_recruitment_limited",1
"1263","activ_recruitment_group",1
"1264","active_recruitment",1
"1265","agile_recruitment_ltd",1
"1266","akorn_recruitment",1
"1267","all_eu_recruitment",1
"1268","all_eu_recruitment",1
"1269","all_eu_recruitment",1
"1270","allatnet_recruiting_gmbh_&_co_kg",1
"1271","anew_recruit",1
"1272","archer_specialist_recruitment",1
"1273","arcon_recruitment",1
"1274","arlington_recruitment",1
"1275","asa_recruitment",1
"1276","atlas_recruitment_group_ltd",1
"1277","bvb_recruit",1
"1278","barnett_mccall_recruitment",1
"1279","beach_baker_property_recruitment",1
"1280","bennett_&_game_recruitment_ltd",1
"1281","berry_recruitment",1
"1282","bigwig_quality_consulting_&_recruitment",1
"1283","blackstone_recruitment_ltd",1
"1284","bond_recruitment",1
"1285","briar_recruitment",1
"1286","burton_bolton_&amp_rose_recruitment_services_limited",1
"1287","c2_recruitment",1
"1288","cabs_recruitment",1
"1289","cambra_recruitment",1
"1290","cambra_recruitment",1
"1291","care_first_uk_recruitment_solutions",1
"1292","carrot_pharma_recruitment",1
"1293","cdm_recruitment",1
"1294","ceh_recruitment_ltd",1
"1295","chassam_recruitment",1
"1296","chiltern_park_recruitment",1
"1297","chroma_recruitment",1
"1298","cip_recruitment",1
"1299","cma_recruitment_group",1
"1300","concorde_recruitment",1
"1301","coniston_scott_recruitment",1
"1302","constructing_solutions_recruitment_ltd",1
"1303","context_recruitment",1
"1304","core_tech_recruitment",1
"1305","corr_recruitment",1
"1306","create_recruitment_specialists_ltd",1
"1307","creo_recruitment",1
"1308","csa_recruitment_(walles)",1
"1309","online_recruitment_lithuania",1
"1310","cvo_simplika_recruitment",1
"1311","darwin_recruitment_gmbh",1
"1312","dg_recruitment",1
"1313","diwa_personalservice_gmbh_team_recruiting",1
"1314","dk_recruitment_services_sro",1
"1315","dn_recruitment",1
"1316","e3_recruitment",1
"1317","elevation_recruitment",1
"1318","emtech_recruitment",1
"1319","energi_recruitment_services_ltd",1
"1320","entire_recruitment_solutions",1
"1321","entire_recruitment_solutions_ltd",1
"1322","ernest_gordon_recruitment_limited",1
"1323","eso_recruitment_portal",1
"1324","european_personal_recruiting_srl",1
"1325","evolution_recruitment_solutions_ltd",1
"1326","example_recruitment_group_ltd",1
"1327","experts_in_recruitment",1
"1328","f_recruitment_international",1
"1329","f1_recruitment",1
"1330","faction_recruitment",1
"1331","fbs_recruitment",1
"1332","first_military_recruitment",1
"1333","flat_fee_recruiter",1
"1334","flex_recruit",1
"1335","foobar_recruitment",1
"1336","formula_recruitment",1
"1337","fortis_recruitment",1
"1338","foundation_recruiting_and_consulting",1
"1339","frs_recruitment",1
"1340","future_engineering_recruitment_ltd",1
"1341","futures_recruitment_ltd",1
"1342","g_c_b_recruitment",1
"1343","g2_recruitment_llc",1
"1344","gcs_recruitment_specialists_ltd",1
"1345","gentec_recruitment",1
"1346","gentis_recruitment",1
"1347","_warrington gi_group_recruitment_ltd_",1
"1348","gp_recruitment",1
"1349","gpr_recruitment",1
"1350","gracel_recruitment",1
"1351","grafton_recruitment_hradec_kralove",1
"1352","grs_global_recruitment_solutions",1
"1353","health_recruit_network",1
"1354","healthier_recruitment_ltd",1
"1355","heka_recruitment_srl",1
"1356","henson_recruitment",1
"1357","highbury_recruitment",1
"1358","hospitalio_recruitment",1
"1359","hr_go_recruitment",1
"1360","hrc_recruitment",1
"1361","i4_recruitment",1
"1362","icognia_recruitment",1
"1363","infomunca_recruitment_srl",1
"1364","ink_recruitment_ltd",1
"1365","jmc_legal_recruitment_limited",1
"1366","job_link_recruitment_solution",1
"1367","jobsmarket_recruitment_srl",1
"1368","_product_eng jonathan_lee_recruitment_",1
"1369","_loughborough jt_recruit_ltd_",1
"1370","jupiter_recruitment",1
"1371","just_cruis’n_recruitment_llc",1
"1372","kairos_recruitment",1
"1373","kale_recruitment",1
"1374","kemp_recruitment_ltd",1
"1375","key_recruitment_ltd",1
"1376","kpi_recruiting_limited",1
"1377","lawes_recruitment_(uk)_limited",1
"1378","links_recruitment_group",1
"1379","lion_recruitment_limited",1
"1380","management_recruiters_international_inc",1
"1381","management_recruiters_of_north_canton",1
"1382","marmaris_recruitment_ltd",1
"1383","master_recruiter_ro_srl",1
"1384","match_recruitment",1
"1385","matrix_computer_recruitment",1
"1386","mbr_dental_recruitment",1
"1387","medi_connect_recruitment",1
"1388","mgi_recruitment",1
"1389","multi_professional_recruitment_srl",1
"1390","lingual_international_recruitment_ltd multi",1
"1391","mynt_recruitment",1
"1392","network_recruitment_wales",1
"1393","new_century_recruitment_limited",1
"1394","nl_recruitment",1
"1395","nonstop_recruitment_careers",1
"1396","norconsulting_global_recruitment",1
"1397","oakley_professional_recruitment",1
"1398","_recruitment_agency one_",1
"1399","_recruitment_agency one_",1
"1400","one_low_cost_recruitment_agency",1
"1401","optima_it_recruitment",1
"1402","optimize_recruitment",1
"1403","optimize_recruitment_ltd",1
"1404","orizont_recruiting_srl",1
"1405","osr_recruitment_services",1
"1406","p_m_p_recruitment",1
"1407","paragon_recruitment",1
"1408","_the_recruitment_factory pbs_worldwide_bvba_",1
"1409","penguin_recruitment",1
"1410","people_solutions_recruitment_ltd",1
"1411","pimlico_banks_recruitment",1
"1412","placeme_recruitment",1
"1413","pmp_recruitment",1
"1414","power_force_recruitment_srl",1
"1415","prestige_recruitment_group",1
"1416","priority_recruitment_services",1
"1417","prisma_recruitment_limited",1
"1418","private_equity_recruitment",1
"1419","proactive_technical_recruitment",1
"1420","prochoice_recruitment_(uk)_ltd",1
"1421","prodata_recruitment",1
"1422","profectus_recruitment",1
"1423","progressive_travel_recruitment",1
"1424","tech_recruitment_consultants",1
"1425","quest_it_recruitment_ltd",1
"1426","quest_recruitment_–_funds_accounting_&_fintech",1
"1427","rc_human_recruitment",1
"1428","real_recruitment_solutions",1
"1429","recruit_cluj",1
"1430","recruit_kft",1
"1431","recruit_srl",1
"1432","recruit4work",1
"1433","recruiter_family",1
"1434","recruiterbase",1
"1435","recruitment_boutique",1
"1436","recruitment_genius",1
"1437","recruitment_genius_ltd",1
"1438","recruitment_revolutioncom_ltd",1
"1439","recruitmentiq",1
"1440","reed_recruitment",1
"1441","regional_recruitment_services",1
"1442","renato_amorim_alves_real_recruitment_solutions",1
"1443","resourceflow_recruitment_ltd",1
"1444","rhino_recruitment",1
"1445","robabo_recruiting",1
"1446","sc_work_vision__recruitment_srl",1
"1447","sales_recruitment_services",1
"1448","salonstaff_recruitment",1
"1449","sanderson_recruitment_ireland",1
"1450","savi_recruitment_ltd",1
"1451","sba_flex_recruitment_srl",1
"1452","sc_interim_recruitment_srl",1
"1453","scottish_recruitment_solutions",1
"1454","secure_recruitment",1
"1455","secure_recruitment_ltd",1
"1456","sf_recruitment",1
"1457","sigma_recruitment_ltd",1
"1458","smart_recruit",1
"1459","smart_solutions_recruitment_srl",1
"1460","solutions_recruitment",1
"1461","spencer_knight_recruitment_ltd",1
"1462","strawberry_recruitment_solutions",1
"1463","harris_recruitment_consultancy stuart",1
"1464","syk_recruitment",1
"1465","tarcg_the_aviation_recruitment_&_consulting_group",1
"1466","_mercedes_f1 technet_it_recruitment_limited_",1
"1467","the_office_manager_(recruitmentpoint)",1
"1468","the_recruitment_company",1
"1469","_cibr the_recruitment_factory_",1
"1470","thomas_recruitment",1
"1471","thomas_recruitment_group",1
"1472","time_recruitment",1
"1473","time_recruitment_solutions_ltd",1
"1474","timing_recruitment_center",1
"1475","tm_recruit",1
"1476","travel_jobs_recruitment_srl",1
"1477","travel_trade_recruitment",1
"1478","twenty_six_recruitment",1
"1479","txm_recruit",1
"1480","vk_recruitment",1
"1481","vrs_recruitment",1
"1482","webrecruit",1
"1483","white_knight_recruitment_ltd",1
"1484","wild_recruitment",1
"1485","xist4_it_recruitment_ltd",1
"1486","your_world_recruitment_ltd",1
"1487","alchemy_talent_ltd",1
"1488","cielo_talent_kft",1
"1489","cielo_talent_management_limited",1
"1490","csg_talent",1
"1491","etalentum",1
"1492","etalentum_selección_sl",1
"1493","eurofirms_talent_lda",1
"1494","european_multi_talent_group_health_care_bv",1
"1495","farmatalent",1
"1496","fastnet_–_the_talent_group",1
"1497","french_talents_&_co",1
"1498","global_blockchain_talent",1
"1499","greentalent",1
"1500","higgins_talent_sourcing_ltd",1
"1501","human_talent",1
"1502","jobtalent",1
"1503","legal_talents",1
"1504","lineartalento_transportes_lda",1
"1505","link_talentos",1
"1506","lynx_talent",1
"1507","mctalent",1
"1508","native_digital_talent_ltd",1
"1509","nettalent",1
"1510","portalento",1
"1511","rising_stars_talents_ou",1
"1512","sn_talent",1
"1513","talent_&_coach_partners_sl",1
"1514","talent_capital",1
"1515","talent_ed_activa_group",1
"1516","talent_forte",1
"1517","talent_network_io",1
"1518","talent_seed",1
"1519","talent_tree_consulting_srl",1
"1520","talent_zone_ltd",1
"1521","talentbrowse",1
"1522","_trabalho_temporário talenter_",1
"1523","talenter_futurcabo",1
"1524","talenter_futurcabo",1
"1525","talentia_gestió",1
"1526","talentlink",1
"1527","talento_y_experiencia_cee",1
"1528","talentor_management",1
"1529","talentseed",1
"1530","01jobs",1
"1531","3minutesjob",1
"1532","abqcareerscareersadiciocom_jobboard",1
"1533","accentjobs",1
"1534","activ_job_hr",1
"1535","ago_jobs_&_hr_roeselare",1
"1536","ago_jobs&hr",1
"1537","agribusiness_job",1
"1538","agribusinessjob",1
"1539","alex job",1
"1540","areajob",1
"1541","areajob_spa",1
"1542","areajob_spain_ett",1
"1543","areajob_spain_ett_sl",1
"1544","bjc_best_job_it_services_gmbh",1
"1545","bouwjobs",1
"1546","central_europe_jobs",1
"1547","clinic_medical_jobs",1
"1548","cooperjob",1
"1549","cooperjob_spa_agenzia_per_il_lavoro",1
"1550","cpl_jobs_tunisia",1
"1551","dalma_ijc_jobs",1
"1552","denso_jobs",1
"1553","easy_job_centre",1
"1554","eujobs_consultant_srl",1
"1555","forum__jobs",1
"1556","forum__jobs_torhout",1
"1557","forum_jobs",1
"1558","forum_jobs",1
"1559","forum_jobs_tielt",1
"1560","frijobel_ indústria_e_comercio_alimentar",1
"1561","gastamojobservice",1
"1562","gastrojob",1
"1563","gathering_for_jobs_srl",1
"1564","generaljobsconsultinggroup",1
"1565","germanjobagency",1
"1566","_recursos_humanos greatjob_",1
"1567","greecexpatjobscom",1
"1568","hb_job_sro",1
"1569","heyjobs_gmbh",1
"1570","horizon_job_agence_d'emploi",1
"1571","ibzjobs",1
"1572","in_job_spa",1
"1573","interjobs_hs",1
"1574","international_jobs_advertising",1
"1575","jibjobs",1
"1576","job_ag_business_service_gmbh",1
"1577","job_ag_industrial_service_gmbh",1
"1578","job_agentur_cottbus_stimmer_dekra_zertifizierte_arbeitsvermittlung",1
"1579","job_counseling",1
"1580","job_cruise_ab",1
"1581","job_hunting_trade",1
"1582","job_italia_spa",1
"1583","job_italia_spa",1
"1584","job_juncture",1
"1585","job_just_on_business",1
"1586","job_trust",1
"1587","job mediation",1
"1588","job4life",1
"1589","jobale",1
"1590","jobboost",1
"1591","jobcafe",1
"1592","jobconnection_aps",1
"1593","jobdistrict",1
"1594","jobdistrict",1
"1595","jobdistrict_srl",1
"1596","jobitalia",1
"1597","_filiale_di_bologna jobitalia_",1
"1598","_filiale_di_roma jobitalia_",1
"1599","_barchon jobmatch_",1
"1600","jobmatch_charleroi",1
"1601","jobmatch_verviers",1
"1602","jobplanner",1
"1603","jobpower_personaldienstleistung_gmbh",1
"1604","jobpress",1
"1605","jobs_4_eu_ltd",1
"1606","jobs_contact_consulting_s_r_o",1
"1607","jobs_in_europa_dot_ro_srl",1
"1608","jobs_plus",1
"1609","jobspl_sa",1
"1610","jobserver",1
"1611","_vikar_&_rekruttering jobteam_a",1
"1612","joburi online",1
"1613","jobxion_poland_sp_z_oo",1
"1614","jobxion_poland_sp_z_oo",1
"1615","lexiljob",1
"1616","loadjobs_group_srl",1
"1617","mapjob",1
"1618","maxijob",1
"1619","medacs_smh_jobs",1
"1620","medijobs",1
"1621","meteojob",1
"1622","mjobs100@yahoocom",1
"1623","mondojob",1
"1624","mondojob_srl",1
"1625","multilingual_jobs_worldwide",1
"1626","myjob",1
"1627","myjobscotland",1
"1628","new_job",1
"1629","next_grand_job_srl",1
"1630","north_east_jobs",1
"1631","_filiale_di_cagliari openjobmetis_",1
"1632","openjobmetis_filiale_di_milazzo",1
"1633","openjobmetis_spa",1
"1634","openjobmetis_spa_filiale_di_crema",1
"1635","p&s_jobservice_personalvermittlungen",1
"1636","pay_job",1
"1637","portugalxpatjobscom",1
"1638","presented_by_gastrojobs",1
"1639","pro__job__consulting",1
"1640","pro_ideal_jobs",1
"1641","projob_carrières",1
"1642","projob_profile_srl",1
"1643","quickjobsde",1
"1644","regiojobs_arbeidsbemiddeling",1
"1645","rekrutację_prowadzi:_jobspl_sa_103_opinii_1_rozmowa_kwalifikacyjna_inne_oferty_pracodawcy",1
"1646","rekrutację_prowadzi:_jobspl_sa_86_opinii_1_rozmowa_kwalifikacyjna_inne_oferty_pracodawcy",1
"1647","rekrutację_prowadzi:_jobspl_sa_98_opinii_1_rozmowa_kwalifikacyjna_inne_oferty_pracodawcy",1
"1648","rekrutację_prowadzi:_powerjobs_sp_z_oo_przez_infopracapl",1
"1649","renz_jobs",1
"1650","rich_jobs_sro",1
"1651","sc_job_start_srl",1
"1652","sc_job4life_srl",1
"1653","sc_romtec_jobs_srl",1
"1654","schufa_holding_ag_jobexportde",1
"1655","schufa_holding_ag_jobvectorde",1
"1656","sii_sophia_antipolis[[pacajob]]",1
"1657","smartjobs_personaldienstleistungen_gmbh",1
"1658","speed_jobs_srl",1
"1659","starjobs",1
"1660","jobs starke",1
"1661","student_job",1
"1662","tecjobz",1
"1663","tlc_jobs",1
"1664","top_job_consultancy",1
"1665","unijob_sro",1
"1666","_jobnetde vesterling_absolventa_gmbh_",1
"1667","victoria_consulting_gmbh_jobblitz_gmbh",1
"1668","1st_alternative_medical_staffing",1
"1669","24gb_staffing",1
"1670","360_healthcare_staffing",1
"1671","able_staffing",1
"1672","agentúra_pro staff_sro",1
"1673","best_staff",1
"1674","best_staff_invest_srl",1
"1675","briliant_hotel_staff",1
"1676","capital_international_staffing_ltd",1
"1677","compustaff",1
"1678","decton_staffing_services",1
"1679","first_choice_staff",1
"1680","forstaff",1
"1681","frontline_staffing",1
"1682","gel_logistic_staffing",1
"1683","merco_medical_staffing",1
"1684","merco_medical_staffing_ltd",1
"1685","milano_s&m_staffing",1
"1686","personalhuset_staffing_group",1
"1687","procure_tech_staff_llc",1
"1688","prostaff_schweiz_gmbh",1
"1689","pure_staff_pure_staff_ltd",1
"1690","real_staffing",1
"1691","saunders_staffing",1
"1692","sd_worx_staffing__solutions",1
"1693","sd_worx_staffing_solutions_gent_office",1
"1694","south_staffs_water",1
"1695","_agenzia_per_il_lavoro staff_",1
"1696","staff_agenzia_per_il_lavoro",1
"1697","staff_and_style",1
"1698","staff_assist",1
"1699","staff_expert_hr_consulting_srl",1
"1700","staff_milano",1
"1701","staff_parma",1
"1702","staff_spa",1
"1703","staff_spa",1
"1704","staff_spa_filiale_di_carpi",1
"1705","staff_spa_filiale_di_guastalla_(re)",1
"1706","staff_spa_filiale_di_reggio_emilia",1
"1707","staff_spa",1
"1708","staff_team",1
"1709","staff_temp",1
"1710","staffing_solutions_propartner_zeitarbeit_+_handelsagentur_gmbh",1
"1711","strategic_staffing_solutions_uk_ltd",1
"1712","the_right_staff",1
"1713","berkshire_healthcare_nhs_foundation_trust",1
"1714","hire_resolve",1
"1715","hire_standard",1
"1716","hireful_agency",1
"1717","hirevi_reengineering",1
"1718","hss_hire_service_group",1
"1719","lancashire_teaching_hospitals",1
"1720","llars_de_l'amistat_cheshire_fundació_privada_llar_can_llovera",1
"1721","mediko_hire_gmbh",1
"1722","mister_hire_by_one4",1
"1723","nhs_herefordshire_clinical_commissioning_group",1
"1724","north_west_leicestershire_district_council",1
"1725","nottinghamshire_healthcare_nhs_foundation_trust",1
"1726","royal_hampshire_county_hospital",1
"1727","sapphire_travel_&_business_srl",1
"1728","sapphire_travel_&amp_business_srl",1
"1729","fabrici_cluj școala_gimnazială_aghireșu",1
"1730","fabrici_județul_cluj şcoala_gimnazială_aghireşu",1
"1731","şcoala_gimnazială_nr_1_aghireş_judeţul_sălaj",1
"1732","shire_pharmaceuticals",1
"1733","simplyhired",1
"1734","sm_travel_yorkshire_ltd",1
"1735","chiringay",1
"1736","chiringuitopub",1
"1737","_men_at_work_spa maw_",1
"1738","maw_men_at_work_spa",1
"1739","_nasreen_ahmed request_technology_",1
"1740","@_gi_group",1
"1741","_odivelas cgi_group_inc_2875_avaliações_2875_avaliações____2875_avaliações_",1
"1742","_qibit_professional gi_group_",1
"1743","gi_group_alcobendas",1
"1744","gi_group_spa",1
"1745","_filiale_di_porto_sant'elpidio gi_group_spa_",1
"1746","gi_group_spa_filiale_di_ascoli_piceno",1
"1747","gi_group_spa_filiale_di_calusco_d'adda",1
"1748","gi_group_spa_filiale_di_casale_monferrato",1
"1749","gi_group_spa_filiale_di_caserta",1
"1750","gi_group_spa_filiale_di_forlì",1
"1751","gi_group_spa_filiale_di_milano_horeca",1
"1752","gi_group_spa_filiale_di_montevarchi",1
"1753","gi_group_spa_filiale_di_parma",1
"1754","gi_group_spa_filiale_di_porto_sant'elpidio",1
"1755","gi_group_spa_filiale_di_rivoli",1
"1756","gi_group_spa_filiale_di_salerno",1
"1757","gi_group_spa_filiale_di_torino_horeca",1
"1758","gi_group_spa_filiale_di_torino_medical",1
"1759","gi_group_spain_ett",1
"1760","gi_group_spain_ett",1
"1761","hccm_consulting_sa",1
"1762","hccm_consulting_sa_ver_empresa",1
"1763","tecno_empleo",1
"1764","_agenzia_per_il_lavoro axl_spa_",1
"1765","_consulenza_formazione_lavoro certform_",1
"1766","cesenalavoro",1
"1767","farmapiù_lavoropiù_spa",1
"1768","flavor_pizza",1
"1769","flavordress_srl",1
"1770","fondazione_consulenti_per_il_lavoro",1
"1771","idea_lavoro_roma",1
"1772","inhr_agenzia_per_il_lavoro",1
"1773","inhr_agenzia_per_il_lavoro_srl",1
"1774","inhr_agenzia_per_il_lavoro_spa",1
"1775","lavorint_spa_ufficio_di_bologna",1
"1776","lavorint_spa_ufficio_di_reggio_emilia",1
"1777","lavorint_spa_ufficio_di_reggio_emilia",1
"1778","lavorint_spa_ufficio_di_roma",1
"1779","lavorint_spa_ufficio_di_teramo",1
"1780","lavoropi_spa",1
"1781","lavoropiu",1
"1782","lavoropiù_divisione_moda",1
"1783","lavoropiù_spa",1
"1784","life_in_spa_agenzia_per_il_lavoro",1
"1785","life_in_spa_agenzia_per_il_lavoro",1
"1786","m2s_lavori",1
"1787","netmi_agenzia_per_il_lavoro_spa",1
"1788","_filiale_di_voghera oasi_lavoro_",1
"1789","oggi_lavoro",1
"1790","oggi_lavoro_srl_torino",1
"1791","perpiù_lavoropiù_spa",1
"1792","_agenzia_per_il_lavoro tempor_spa_",1
"1793","tempor_spa_agenzia_per_il_lavoro",1
"1794","tempor_spa_agenzia_per_il_lavoro",1
"1795","tempor_spa_agenzia_per_il_lavoro",1
"1796","wintime_spa_agenzia_per_il_lavoro",1
"1797","aligra_personnel_ltd",1
"1798","aradon_personal_gmbh_&_co_kg_germanpersonnelde",1
"1799","avp_personal_gmbh_germanpersonnelde",1
"1800","bracknell_personnel_services",1
"1801","employment_personnel_management_srl",1
"1802","encore_personnel",1
"1803","encore_personnel_driving",1
"1804","extra_personnel_burton",1
"1805","gap_personnel",1
"1806","helmes_gesellschaft_für_personalservice_mbh_germanpersonnelde",1
"1807","hollyfield_personnel",1
"1808","impc_personnel_hungária_kft",1
"1809","inplace_personnel_services_ltd",1
"1810","multitask_personnel",1
"1811","page_personnel",1
"1812","personnel_futures_ltd",1
"1813","pixel_personnel",1
"1814","primtac_personnel",1
"1815","promedical_personnel_ltd",1
"1816","q_personnel_employment_services",1
"1817","quay_personnel",1
"1818","scantec_personnel_limited",1
"1819","teaching_personnel_ltd",1
"1820","synergie_filiale_di_bergamo",1
"1821","synergie_filiale_di_civitanova_marche",1
"1822","synergie_filiale_di_rho",1
"1823","synergie_filiale_di_sant'ilario_d'enza",1
"1824","synergie_genk_interim",1
"1825","synergie_interim",1
"1826","synergie_italia",1
"1827","_filiale_di_civitanova_marche synergie_italia_spa_",1
"1828","synergie_personal_deutschland_gmbh",1
"1829","synergie_slovakia",1
"1830","synergie_slovakia",1
"1831","synergie_waregem_careers",1
"1832","century_21_orientalis",1
"1833","compania_indiilor_orientale_prod_srl",1
"1834","institute_of_mediterranean_and_oriental_cultures_polish_academy_of_sciences",1
"1835","orienta_filiale_di_parma",1
"1836","orienta_filiale_di_roma_labicana",1
"1837","orienta_spa",1
"1838","sc_compania_indiilor_orientale_prod_srl",1
"1839","etjca_spa_padova",1
"1840","ali_spa",1
"1841","_filiale_di_cento ali_spa_",1
"1842","_filiale_di_civitanova_marche_mc ali_spa_",1
"1843","_filiale_di_milano ali_spa_",1
"1844","_filiale_di_seriate_(bg) ali_spa_",1
"1845","hrs",1
"1846","qpas",1
